t,obs,action,reward,seed
0,5.7802777,0.282303,21.014595,0
1,6.622205,0.282303,16.598694,0
2,2.923656,0.19757885,14.297357,0
3,3.0106282,0.10485628,8.111186,0
4,0.1386314,0.054361127,2.526654,0
5,0.105586596,0.0017653751,1.9265145,0
6,0.0043438952,0.0021762287,0.08053565,0
7,0.00032139893,0.000115715906,0.007657428,0
8,0.00018244403,4.7746144e-06,0.004133774,0
9,1.5764432e-05,2.968383e-06,0.00035029682,0
10,5.2007687e-07,2.9604956e-07,1.12381795e-05,0
11,3.3977248e-09,1.1255376e-08,6.347605e-08,0
12,1.212287e-09,1.1816033e-10,2.8032204e-08,0
13,1.1267657e-09,1.9311547e-11,2.528241e-08,0
14,8.6559643e-10,1.9638726e-11,1.9452308e-08,0
15,1.1482287e-09,1.5483687e-11,2.5732213e-08,0
16,1.1009423e-09,1.9956219e-11,2.4858174e-08,0
17,8.654843e-10,1.9170856e-11,1.9452324e-08,0
18,8.5230667e-10,1.5485141e-11,1.9163256e-08,0
19,8.5014734e-10,1.5042795e-11,1.9138309e-08,0
20,8.42749e-10,1.491529e-11,1.8869226e-08,0
21,8.42749e-10,1.4818478e-11,1.8869226e-08,0
22,8.42749e-10,1.4818478e-11,1.8869226e-08,0
23,8.42749e-10,1.4818478e-11,1.8869226e-08,0
24,8.42749e-10,1.4818478e-11,1.8869226e-08,0
25,8.42749e-10,1.4818478e-11,1.8869226e-08,0
26,8.42749e-10,1.4818478e-11,1.8869226e-08,0
27,8.42749e-10,1.4818478e-11,1.8869226e-08,0
28,8.42749e-10,1.4818478e-11,1.8869226e-08,0
29,8.42749e-10,1.4818478e-11,1.8869226e-08,0
30,8.42749e-10,1.4818478e-11,1.8869226e-08,0
31,8.42749e-10,1.4818478e-11,1.8869226e-08,0
32,8.42749e-10,1.4818478e-11,1.8869226e-08,0
33,8.42749e-10,1.4818478e-11,1.8869226e-08,0
34,8.42749e-10,1.4818478e-11,1.8869226e-08,0
35,8.42749e-10,1.4818478e-11,1.8869226e-08,0
36,8.42749e-10,1.4818478e-11,1.8869226e-08,0
37,8.42749e-10,1.4818478e-11,1.8869226e-08,0
38,8.42749e-10,1.4818478e-11,1.8869226e-08,0
39,8.42749e-10,1.4818478e-11,1.8869226e-08,0
40,8.42749e-10,1.4818478e-11,1.8869226e-08,0
41,8.42749e-10,1.4818478e-11,1.8869226e-08,0
42,8.42749e-10,1.4818478e-11,1.8869226e-08,0
43,8.42749e-10,1.4818478e-11,1.8869226e-08,0
44,8.42749e-10,1.4818478e-11,1.8869226e-08,0
45,8.42749e-10,1.4818478e-11,1.8869226e-08,0
46,8.42749e-10,1.4818478e-11,1.8869226e-08,0
47,8.42749e-10,1.4818478e-11,1.8869226e-08,0
48,8.42749e-10,1.4818478e-11,1.8869226e-08,0
49,8.42749e-10,1.4818478e-11,1.8869226e-08,0
50,8.42749e-10,1.4818478e-11,1.8869226e-08,0
51,8.42749e-10,1.4818478e-11,1.8869226e-08,0
52,8.42749e-10,1.4818478e-11,1.8869226e-08,0
53,8.42749e-10,1.4818478e-11,1.8869226e-08,0
54,8.42749e-10,1.4818478e-11,1.8869226e-08,0
55,8.42749e-10,1.4818478e-11,1.8869226e-08,0
56,8.42749e-10,1.4818478e-11,1.8869226e-08,0
57,8.42749e-10,1.4818478e-11,1.8869226e-08,0
58,8.42749e-10,1.4818478e-11,1.8869226e-08,0
59,8.42749e-10,1.4818478e-11,1.8869226e-08,0
60,8.42749e-10,1.4818478e-11,1.8869226e-08,0
61,8.42749e-10,1.4818478e-11,1.8869226e-08,0
62,8.42749e-10,1.4818478e-11,1.8869226e-08,0
63,8.42749e-10,1.4818478e-11,1.8869226e-08,0
64,8.42749e-10,1.4818478e-11,1.8869226e-08,0
65,8.42749e-10,1.4818478e-11,1.8869226e-08,0
66,8.42749e-10,1.4818478e-11,1.8869226e-08,0
67,8.42749e-10,1.4818478e-11,1.8869226e-08,0
68,8.42749e-10,1.4818478e-11,1.8869226e-08,0
69,8.42749e-10,1.4818478e-11,1.8869226e-08,0
70,8.42749e-10,1.4818478e-11,1.8869226e-08,0
71,8.42749e-10,1.4818478e-11,1.8869226e-08,0
72,8.42749e-10,1.4818478e-11,1.8869226e-08,0
73,8.42749e-10,1.4818478e-11,1.8869226e-08,0
74,8.42749e-10,1.4818478e-11,1.8869226e-08,0
75,8.42749e-10,1.4818478e-11,1.8869226e-08,0
76,8.42749e-10,1.4818478e-11,1.8869226e-08,0
77,8.42749e-10,1.4818478e-11,1.8869226e-08,0
78,8.42749e-10,1.4818478e-11,1.8869226e-08,0
79,8.42749e-10,1.4818478e-11,1.8869226e-08,0
80,8.42749e-10,1.4818478e-11,1.8869226e-08,0
81,8.42749e-10,1.4818478e-11,1.8869226e-08,0
82,8.42749e-10,1.4818478e-11,1.8869226e-08,0
83,8.42749e-10,1.4818478e-11,1.8869226e-08,0
84,8.42749e-10,1.4818478e-11,1.8869226e-08,0
85,8.42749e-10,1.4818478e-11,1.8869226e-08,0
86,8.42749e-10,1.4818478e-11,1.8869226e-08,0
87,8.42749e-10,1.4818478e-11,1.8869226e-08,0
88,8.42749e-10,1.4818478e-11,1.8869226e-08,0
89,8.42749e-10,1.4818478e-11,1.8869226e-08,0
90,8.42749e-10,1.4818478e-11,1.8869226e-08,0
91,8.42749e-10,1.4818478e-11,1.8869226e-08,0
92,8.42749e-10,1.4818478e-11,1.8869226e-08,0
93,8.42749e-10,1.4818478e-11,1.8869226e-08,0
94,8.42749e-10,1.4818478e-11,1.8869226e-08,0
95,8.42749e-10,1.4818478e-11,1.8869226e-08,0
96,8.42749e-10,1.4818478e-11,1.8869226e-08,0
97,8.42749e-10,1.4818478e-11,1.8869226e-08,0
98,8.42749e-10,1.4818478e-11,1.8869226e-08,0
99,8.42749e-10,1.4818478e-11,1.8869226e-08,0
100,8.42749e-10,1.4818478e-11,1.8869226e-08,0
101,8.42749e-10,1.4818478e-11,1.8869226e-08,0
102,8.42749e-10,1.4818478e-11,1.8869226e-08,0
103,8.42749e-10,1.4818478e-11,1.8869226e-08,0
104,8.42749e-10,1.4818478e-11,1.8869226e-08,0
105,8.42749e-10,1.4818478e-11,1.8869226e-08,0
106,8.42749e-10,1.4818478e-11,1.8869226e-08,0
107,8.42749e-10,1.4818478e-11,1.8869226e-08,0
108,8.42749e-10,1.4818478e-11,1.8869226e-08,0
109,8.42749e-10,1.4818478e-11,1.8869226e-08,0
110,8.42749e-10,1.4818478e-11,1.8869226e-08,0
111,8.42749e-10,1.4818478e-11,1.8869226e-08,0
112,8.42749e-10,1.4818478e-11,1.8869226e-08,0
113,8.42749e-10,1.4818478e-11,1.8869226e-08,0
114,8.42749e-10,1.4818478e-11,1.8869226e-08,0
115,8.42749e-10,1.4818478e-11,1.8869226e-08,0
116,8.42749e-10,1.4818478e-11,1.8869226e-08,0
117,8.42749e-10,1.4818478e-11,1.8869226e-08,0
118,8.42749e-10,1.4818478e-11,1.8869226e-08,0
119,8.42749e-10,1.4818478e-11,1.8869226e-08,0
120,8.42749e-10,1.4818478e-11,1.8869226e-08,0
121,8.42749e-10,1.4818478e-11,1.8869226e-08,0
122,8.42749e-10,1.4818478e-11,1.8869226e-08,0
123,8.42749e-10,1.4818478e-11,1.8869226e-08,0
124,8.42749e-10,1.4818478e-11,1.8869226e-08,0
125,8.42749e-10,1.4818478e-11,1.8869226e-08,0
126,8.42749e-10,1.4818478e-11,1.8869226e-08,0
127,8.42749e-10,1.4818478e-11,1.8869226e-08,0
128,8.42749e-10,1.4818478e-11,1.8869226e-08,0
129,8.42749e-10,1.4818478e-11,1.8869226e-08,0
130,8.42749e-10,1.4818478e-11,1.8869226e-08,0
131,8.42749e-10,1.4818478e-11,1.8869226e-08,0
132,8.42749e-10,1.4818478e-11,1.8869226e-08,0
133,8.42749e-10,1.4818478e-11,1.8869226e-08,0
134,8.42749e-10,1.4818478e-11,1.8869226e-08,0
135,8.42749e-10,1.4818478e-11,1.8869226e-08,0
136,8.42749e-10,1.4818478e-11,1.8869226e-08,0
137,8.42749e-10,1.4818478e-11,1.8869226e-08,0
138,8.42749e-10,1.4818478e-11,1.8869226e-08,0
139,8.42749e-10,1.4818478e-11,1.8869226e-08,0
140,8.42749e-10,1.4818478e-11,1.8869226e-08,0
141,8.42749e-10,1.4818478e-11,1.8869226e-08,0
142,8.42749e-10,1.4818478e-11,1.8869226e-08,0
143,8.42749e-10,1.4818478e-11,1.8869226e-08,0
144,8.42749e-10,1.4818478e-11,1.8869226e-08,0
145,8.42749e-10,1.4818478e-11,1.8869226e-08,0
146,8.42749e-10,1.4818478e-11,1.8869226e-08,0
147,8.42749e-10,1.4818478e-11,1.8869226e-08,0
148,8.42749e-10,1.4818478e-11,1.8869226e-08,0
149,8.42749e-10,1.4818478e-11,1.8869226e-08,0
150,8.42749e-10,1.4818478e-11,1.8869226e-08,0
151,8.42749e-10,1.4818478e-11,1.8869226e-08,0
152,8.42749e-10,1.4818478e-11,1.8869226e-08,0
153,8.42749e-10,1.4818478e-11,1.8869226e-08,0
154,8.42749e-10,1.4818478e-11,1.8869226e-08,0
155,8.42749e-10,1.4818478e-11,1.8869226e-08,0
156,8.42749e-10,1.4818478e-11,1.8869226e-08,0
157,8.42749e-10,1.4818478e-11,1.8869226e-08,0
158,8.42749e-10,1.4818478e-11,1.8869226e-08,0
159,8.42749e-10,1.4818478e-11,1.8869226e-08,0
160,8.42749e-10,1.4818478e-11,1.8869226e-08,0
161,8.42749e-10,1.4818478e-11,1.8869226e-08,0
162,8.42749e-10,1.4818478e-11,1.8869226e-08,0
163,8.42749e-10,1.4818478e-11,1.8869226e-08,0
164,8.42749e-10,1.4818478e-11,1.8869226e-08,0
165,8.42749e-10,1.4818478e-11,1.8869226e-08,0
166,8.42749e-10,1.4818478e-11,1.8869226e-08,0
167,8.42749e-10,1.4818478e-11,1.8869226e-08,0
168,8.42749e-10,1.4818478e-11,1.8869226e-08,0
169,8.42749e-10,1.4818478e-11,1.8869226e-08,0
170,8.42749e-10,1.4818478e-11,1.8869226e-08,0
171,8.42749e-10,1.4818478e-11,1.8869226e-08,0
172,8.42749e-10,1.4818478e-11,1.8869226e-08,0
173,8.42749e-10,1.4818478e-11,1.8869226e-08,0
174,8.42749e-10,1.4818478e-11,1.8869226e-08,0
175,8.42749e-10,1.4818478e-11,1.8869226e-08,0
176,8.42749e-10,1.4818478e-11,1.8869226e-08,0
177,8.42749e-10,1.4818478e-11,1.8869226e-08,0
178,8.42749e-10,1.4818478e-11,1.8869226e-08,0
179,8.42749e-10,1.4818478e-11,1.8869226e-08,0
180,8.42749e-10,1.4818478e-11,1.8869226e-08,0
181,8.42749e-10,1.4818478e-11,1.8869226e-08,0
182,8.42749e-10,1.4818478e-11,1.8869226e-08,0
183,8.42749e-10,1.4818478e-11,1.8869226e-08,0
184,8.42749e-10,1.4818478e-11,1.8869226e-08,0
185,8.42749e-10,1.4818478e-11,1.8869226e-08,0
186,8.42749e-10,1.4818478e-11,1.8869226e-08,0
187,8.42749e-10,1.4818478e-11,1.8869226e-08,0
188,8.42749e-10,1.4818478e-11,1.8869226e-08,0
189,8.42749e-10,1.4818478e-11,1.8869226e-08,0
190,8.42749e-10,1.4818478e-11,1.8869226e-08,0
191,8.42749e-10,1.4818478e-11,1.8869226e-08,0
192,8.42749e-10,1.4818478e-11,1.8869226e-08,0
193,8.42749e-10,1.4818478e-11,1.8869226e-08,0
194,8.42749e-10,1.4818478e-11,1.8869226e-08,0
195,8.42749e-10,1.4818478e-11,1.8869226e-08,0
196,8.42749e-10,1.4818478e-11,1.8869226e-08,0
197,8.42749e-10,1.4818478e-11,1.8869226e-08,0
198,8.42749e-10,1.4818478e-11,1.8869226e-08,0
199,8.42749e-10,1.4818478e-11,1.8869226e-08,0
0,60.17963,6.8168716,26.433512,1
1,52.61914,6.8168716,25.51808,1
2,47.113163,6.18323,21.669537,1
3,44.052197,5.5838695,15.555622,1
4,36.70051,5.0535407,1.8707647,1
5,30.28504,4.2604303,1.2583398,1
6,24.288912,3.5130858,1.6225959,1
7,18.467615,2.8167322,1.1477439,1
8,12.44007,2.1326437,1.344313,1
9,6.5412436,1.4255316,0.9075684,1
10,0.8369747,0.73056793,0.5236331,1
11,0.0066947304,0.06900628,0.06869607,1
12,1.3354932e-05,0.0006000241,0.0001197508,1
13,1.3175176e-08,1.0714567e-06,1.0634579e-07,1
14,6.7260243e-12,9.819094e-10,6.4541976e-11,1
15,1.2204349e-13,5.8285554e-13,9.376024e-13,1
16,4.056792e-14,1.9412943e-14,5.098558e-13,1
17,3.943105e-14,1.0140361e-14,5.0076084e-13,1
18,3.943105e-14,9.785089e-15,5.0076084e-13,1
19,3.943105e-14,9.785089e-15,5.0076084e-13,1
20,3.943105e-14,9.785089e-15,5.0076084e-13,1
21,3.943105e-14,9.785089e-15,5.0076084e-13,1
22,3.943105e-14,9.785089e-15,5.0076084e-13,1
23,3.943105e-14,9.785089e-15,5.0076084e-13,1
24,3.943105e-14,9.785089e-15,5.0076084e-13,1
25,3.943105e-14,9.785089e-15,5.0076084e-13,1
26,3.943105e-14,9.785089e-15,5.0076084e-13,1
27,3.943105e-14,9.785089e-15,5.0076084e-13,1
28,3.943105e-14,9.785089e-15,5.0076084e-13,1
29,3.943105e-14,9.785089e-15,5.0076084e-13,1
30,3.943105e-14,9.785089e-15,5.0076084e-13,1
31,3.943105e-14,9.785089e-15,5.0076084e-13,1
32,3.943105e-14,9.785089e-15,5.0076084e-13,1
33,3.943105e-14,9.785089e-15,5.0076084e-13,1
34,3.943105e-14,9.785089e-15,5.0076084e-13,1
35,3.943105e-14,9.785089e-15,5.0076084e-13,1
36,3.943105e-14,9.785089e-15,5.0076084e-13,1
37,3.943105e-14,9.785089e-15,5.0076084e-13,1
38,3.943105e-14,9.785089e-15,5.0076084e-13,1
39,3.943105e-14,9.785089e-15,5.0076084e-13,1
40,3.943105e-14,9.785089e-15,5.0076084e-13,1
41,3.943105e-14,9.785089e-15,5.0076084e-13,1
42,3.943105e-14,9.785089e-15,5.0076084e-13,1
43,3.943105e-14,9.785089e-15,5.0076084e-13,1
44,3.943105e-14,9.785089e-15,5.0076084e-13,1
45,3.943105e-14,9.785089e-15,5.0076084e-13,1
46,3.943105e-14,9.785089e-15,5.0076084e-13,1
47,3.943105e-14,9.785089e-15,5.0076084e-13,1
48,3.943105e-14,9.785089e-15,5.0076084e-13,1
49,3.943105e-14,9.785089e-15,5.0076084e-13,1
50,3.943105e-14,9.785089e-15,5.0076084e-13,1
51,3.943105e-14,9.785089e-15,5.0076084e-13,1
52,3.943105e-14,9.785089e-15,5.0076084e-13,1
53,3.943105e-14,9.785089e-15,5.0076084e-13,1
54,3.943105e-14,9.785089e-15,5.0076084e-13,1
55,3.943105e-14,9.785089e-15,5.0076084e-13,1
56,3.943105e-14,9.785089e-15,5.0076084e-13,1
57,3.943105e-14,9.785089e-15,5.0076084e-13,1
58,3.943105e-14,9.785089e-15,5.0076084e-13,1
59,3.943105e-14,9.785089e-15,5.0076084e-13,1
60,3.943105e-14,9.785089e-15,5.0076084e-13,1
61,3.943105e-14,9.785089e-15,5.0076084e-13,1
62,3.943105e-14,9.785089e-15,5.0076084e-13,1
63,3.943105e-14,9.785089e-15,5.0076084e-13,1
64,3.943105e-14,9.785089e-15,5.0076084e-13,1
65,3.943105e-14,9.785089e-15,5.0076084e-13,1
66,3.943105e-14,9.785089e-15,5.0076084e-13,1
67,3.943105e-14,9.785089e-15,5.0076084e-13,1
68,3.943105e-14,9.785089e-15,5.0076084e-13,1
69,3.943105e-14,9.785089e-15,5.0076084e-13,1
70,3.943105e-14,9.785089e-15,5.0076084e-13,1
71,3.943105e-14,9.785089e-15,5.0076084e-13,1
72,3.943105e-14,9.785089e-15,5.0076084e-13,1
73,3.943105e-14,9.785089e-15,5.0076084e-13,1
74,3.943105e-14,9.785089e-15,5.0076084e-13,1
75,3.943105e-14,9.785089e-15,5.0076084e-13,1
76,3.943105e-14,9.785089e-15,5.0076084e-13,1
77,3.943105e-14,9.785089e-15,5.0076084e-13,1
78,3.943105e-14,9.785089e-15,5.0076084e-13,1
79,3.943105e-14,9.785089e-15,5.0076084e-13,1
80,3.943105e-14,9.785089e-15,5.0076084e-13,1
81,3.943105e-14,9.785089e-15,5.0076084e-13,1
82,3.943105e-14,9.785089e-15,5.0076084e-13,1
83,3.943105e-14,9.785089e-15,5.0076084e-13,1
84,3.943105e-14,9.785089e-15,5.0076084e-13,1
85,3.943105e-14,9.785089e-15,5.0076084e-13,1
86,3.943105e-14,9.785089e-15,5.0076084e-13,1
87,3.943105e-14,9.785089e-15,5.0076084e-13,1
88,3.943105e-14,9.785089e-15,5.0076084e-13,1
89,3.943105e-14,9.785089e-15,5.0076084e-13,1
90,3.943105e-14,9.785089e-15,5.0076084e-13,1
91,3.943105e-14,9.785089e-15,5.0076084e-13,1
92,3.943105e-14,9.785089e-15,5.0076084e-13,1
93,3.943105e-14,9.785089e-15,5.0076084e-13,1
94,3.943105e-14,9.785089e-15,5.0076084e-13,1
95,3.943105e-14,9.785089e-15,5.0076084e-13,1
96,3.943105e-14,9.785089e-15,5.0076084e-13,1
97,3.943105e-14,9.785089e-15,5.0076084e-13,1
98,3.943105e-14,9.785089e-15,5.0076084e-13,1
99,3.943105e-14,9.785089e-15,5.0076084e-13,1
100,3.943105e-14,9.785089e-15,5.0076084e-13,1
101,3.943105e-14,9.785089e-15,5.0076084e-13,1
102,3.943105e-14,9.785089e-15,5.0076084e-13,1
103,3.943105e-14,9.785089e-15,5.0076084e-13,1
104,3.943105e-14,9.785089e-15,5.0076084e-13,1
105,3.943105e-14,9.785089e-15,5.0076084e-13,1
106,3.943105e-14,9.785089e-15,5.0076084e-13,1
107,3.943105e-14,9.785089e-15,5.0076084e-13,1
108,3.943105e-14,9.785089e-15,5.0076084e-13,1
109,3.943105e-14,9.785089e-15,5.0076084e-13,1
110,3.943105e-14,9.785089e-15,5.0076084e-13,1
111,3.943105e-14,9.785089e-15,5.0076084e-13,1
112,3.943105e-14,9.785089e-15,5.0076084e-13,1
113,3.943105e-14,9.785089e-15,5.0076084e-13,1
114,3.943105e-14,9.785089e-15,5.0076084e-13,1
115,3.943105e-14,9.785089e-15,5.0076084e-13,1
116,3.943105e-14,9.785089e-15,5.0076084e-13,1
117,3.943105e-14,9.785089e-15,5.0076084e-13,1
118,3.943105e-14,9.785089e-15,5.0076084e-13,1
119,3.943105e-14,9.785089e-15,5.0076084e-13,1
120,3.943105e-14,9.785089e-15,5.0076084e-13,1
121,3.943105e-14,9.785089e-15,5.0076084e-13,1
122,3.943105e-14,9.785089e-15,5.0076084e-13,1
123,3.943105e-14,9.785089e-15,5.0076084e-13,1
124,3.943105e-14,9.785089e-15,5.0076084e-13,1
125,3.943105e-14,9.785089e-15,5.0076084e-13,1
126,3.943105e-14,9.785089e-15,5.0076084e-13,1
127,3.943105e-14,9.785089e-15,5.0076084e-13,1
128,3.943105e-14,9.785089e-15,5.0076084e-13,1
129,3.943105e-14,9.785089e-15,5.0076084e-13,1
130,3.943105e-14,9.785089e-15,5.0076084e-13,1
131,3.943105e-14,9.785089e-15,5.0076084e-13,1
132,3.943105e-14,9.785089e-15,5.0076084e-13,1
133,3.943105e-14,9.785089e-15,5.0076084e-13,1
134,3.943105e-14,9.785089e-15,5.0076084e-13,1
135,3.943105e-14,9.785089e-15,5.0076084e-13,1
136,3.943105e-14,9.785089e-15,5.0076084e-13,1
137,3.943105e-14,9.785089e-15,5.0076084e-13,1
138,3.943105e-14,9.785089e-15,5.0076084e-13,1
139,3.943105e-14,9.785089e-15,5.0076084e-13,1
140,3.943105e-14,9.785089e-15,5.0076084e-13,1
141,3.943105e-14,9.785089e-15,5.0076084e-13,1
142,3.943105e-14,9.785089e-15,5.0076084e-13,1
143,3.943105e-14,9.785089e-15,5.0076084e-13,1
144,3.943105e-14,9.785089e-15,5.0076084e-13,1
145,3.943105e-14,9.785089e-15,5.0076084e-13,1
146,3.943105e-14,9.785089e-15,5.0076084e-13,1
147,3.943105e-14,9.785089e-15,5.0076084e-13,1
148,3.943105e-14,9.785089e-15,5.0076084e-13,1
149,3.943105e-14,9.785089e-15,5.0076084e-13,1
150,3.943105e-14,9.785089e-15,5.0076084e-13,1
151,3.943105e-14,9.785089e-15,5.0076084e-13,1
152,3.943105e-14,9.785089e-15,5.0076084e-13,1
153,3.943105e-14,9.785089e-15,5.0076084e-13,1
154,3.943105e-14,9.785089e-15,5.0076084e-13,1
155,3.943105e-14,9.785089e-15,5.0076084e-13,1
156,3.943105e-14,9.785089e-15,5.0076084e-13,1
157,3.943105e-14,9.785089e-15,5.0076084e-13,1
158,3.943105e-14,9.785089e-15,5.0076084e-13,1
159,3.943105e-14,9.785089e-15,5.0076084e-13,1
160,3.943105e-14,9.785089e-15,5.0076084e-13,1
161,3.943105e-14,9.785089e-15,5.0076084e-13,1
162,3.943105e-14,9.785089e-15,5.0076084e-13,1
163,3.943105e-14,9.785089e-15,5.0076084e-13,1
164,3.943105e-14,9.785089e-15,5.0076084e-13,1
165,3.943105e-14,9.785089e-15,5.0076084e-13,1
166,3.943105e-14,9.785089e-15,5.0076084e-13,1
167,3.943105e-14,9.785089e-15,5.0076084e-13,1
168,3.943105e-14,9.785089e-15,5.0076084e-13,1
169,3.943105e-14,9.785089e-15,5.0076084e-13,1
170,3.943105e-14,9.785089e-15,5.0076084e-13,1
171,3.943105e-14,9.785089e-15,5.0076084e-13,1
172,3.943105e-14,9.785089e-15,5.0076084e-13,1
173,3.943105e-14,9.785089e-15,5.0076084e-13,1
174,3.943105e-14,9.785089e-15,5.0076084e-13,1
175,3.943105e-14,9.785089e-15,5.0076084e-13,1
176,3.943105e-14,9.785089e-15,5.0076084e-13,1
177,3.943105e-14,9.785089e-15,5.0076084e-13,1
178,3.943105e-14,9.785089e-15,5.0076084e-13,1
179,3.943105e-14,9.785089e-15,5.0076084e-13,1
180,3.943105e-14,9.785089e-15,5.0076084e-13,1
181,3.943105e-14,9.785089e-15,5.0076084e-13,1
182,3.943105e-14,9.785089e-15,5.0076084e-13,1
183,3.943105e-14,9.785089e-15,5.0076084e-13,1
184,3.943105e-14,9.785089e-15,5.0076084e-13,1
185,3.943105e-14,9.785089e-15,5.0076084e-13,1
186,3.943105e-14,9.785089e-15,5.0076084e-13,1
187,3.943105e-14,9.785089e-15,5.0076084e-13,1
188,3.943105e-14,9.785089e-15,5.0076084e-13,1
189,3.943105e-14,9.785089e-15,5.0076084e-13,1
190,3.943105e-14,9.785089e-15,5.0076084e-13,1
191,3.943105e-14,9.785089e-15,5.0076084e-13,1
192,3.943105e-14,9.785089e-15,5.0076084e-13,1
193,3.943105e-14,9.785089e-15,5.0076084e-13,1
194,3.943105e-14,9.785089e-15,5.0076084e-13,1
195,3.943105e-14,9.785089e-15,5.0076084e-13,1
196,3.943105e-14,9.785089e-15,5.0076084e-13,1
197,3.943105e-14,9.785089e-15,5.0076084e-13,1
198,3.943105e-14,9.785089e-15,5.0076084e-13,1
199,3.943105e-14,9.785089e-15,5.0076084e-13,1
0,6.065763,2.441853,46.947414,2
1,0.31966603,2.441853,8.454866,2
2,1.99214e-05,0.2839034,0.0005556377,2
3,1.3091446e-08,1.7240602e-05,3.666959e-07,2
4,2.8242946e-13,1.135927e-08,4.0488147e-12,2
5,4.177492e-15,3.4484413e-13,1.2917667e-13,2
6,4.177492e-15,5.202949e-14,1.2917667e-13,2
7,4.177492e-15,5.202949e-14,1.2917667e-13,2
8,4.177492e-15,5.202949e-14,1.2917667e-13,2
9,4.177492e-15,5.202949e-14,1.2917667e-13,2
10,4.177492e-15,5.202949e-14,1.2917667e-13,2
11,4.177492e-15,5.202949e-14,1.2917667e-13,2
12,4.177492e-15,5.202949e-14,1.2917667e-13,2
13,4.177492e-15,5.202949e-14,1.2917667e-13,2
14,4.177492e-15,5.202949e-14,1.2917667e-13,2
15,4.177492e-15,5.202949e-14,1.2917667e-13,2
16,4.177492e-15,5.202949e-14,1.2917667e-13,2
17,4.177492e-15,5.202949e-14,1.2917667e-13,2
18,4.177492e-15,5.202949e-14,1.2917667e-13,2
19,4.177492e-15,5.202949e-14,1.2917667e-13,2
20,4.177492e-15,5.202949e-14,1.2917667e-13,2
21,4.177492e-15,5.202949e-14,1.2917667e-13,2
22,4.177492e-15,5.202949e-14,1.2917667e-13,2
23,4.177492e-15,5.202949e-14,1.2917667e-13,2
24,4.177492e-15,5.202949e-14,1.2917667e-13,2
25,4.177492e-15,5.202949e-14,1.2917667e-13,2
26,4.177492e-15,5.202949e-14,1.2917667e-13,2
27,4.177492e-15,5.202949e-14,1.2917667e-13,2
28,4.177492e-15,5.202949e-14,1.2917667e-13,2
29,4.177492e-15,5.202949e-14,1.2917667e-13,2
30,4.177492e-15,5.202949e-14,1.2917667e-13,2
31,4.177492e-15,5.202949e-14,1.2917667e-13,2
32,4.177492e-15,5.202949e-14,1.2917667e-13,2
33,4.177492e-15,5.202949e-14,1.2917667e-13,2
34,4.177492e-15,5.202949e-14,1.2917667e-13,2
35,4.177492e-15,5.202949e-14,1.2917667e-13,2
36,4.177492e-15,5.202949e-14,1.2917667e-13,2
37,4.177492e-15,5.202949e-14,1.2917667e-13,2
38,4.177492e-15,5.202949e-14,1.2917667e-13,2
39,4.177492e-15,5.202949e-14,1.2917667e-13,2
40,4.177492e-15,5.202949e-14,1.2917667e-13,2
41,4.177492e-15,5.202949e-14,1.2917667e-13,2
42,4.177492e-15,5.202949e-14,1.2917667e-13,2
43,4.177492e-15,5.202949e-14,1.2917667e-13,2
44,4.177492e-15,5.202949e-14,1.2917667e-13,2
45,4.177492e-15,5.202949e-14,1.2917667e-13,2
46,4.177492e-15,5.202949e-14,1.2917667e-13,2
47,4.177492e-15,5.202949e-14,1.2917667e-13,2
48,4.177492e-15,5.202949e-14,1.2917667e-13,2
49,4.177492e-15,5.202949e-14,1.2917667e-13,2
50,4.177492e-15,5.202949e-14,1.2917667e-13,2
51,4.177492e-15,5.202949e-14,1.2917667e-13,2
52,4.177492e-15,5.202949e-14,1.2917667e-13,2
53,4.177492e-15,5.202949e-14,1.2917667e-13,2
54,4.177492e-15,5.202949e-14,1.2917667e-13,2
55,4.177492e-15,5.202949e-14,1.2917667e-13,2
56,4.177492e-15,5.202949e-14,1.2917667e-13,2
57,4.177492e-15,5.202949e-14,1.2917667e-13,2
58,4.177492e-15,5.202949e-14,1.2917667e-13,2
59,4.177492e-15,5.202949e-14,1.2917667e-13,2
60,4.177492e-15,5.202949e-14,1.2917667e-13,2
61,4.177492e-15,5.202949e-14,1.2917667e-13,2
62,4.177492e-15,5.202949e-14,1.2917667e-13,2
63,4.177492e-15,5.202949e-14,1.2917667e-13,2
64,4.177492e-15,5.202949e-14,1.2917667e-13,2
65,4.177492e-15,5.202949e-14,1.2917667e-13,2
66,4.177492e-15,5.202949e-14,1.2917667e-13,2
67,4.177492e-15,5.202949e-14,1.2917667e-13,2
68,4.177492e-15,5.202949e-14,1.2917667e-13,2
69,4.177492e-15,5.202949e-14,1.2917667e-13,2
70,4.177492e-15,5.202949e-14,1.2917667e-13,2
71,4.177492e-15,5.202949e-14,1.2917667e-13,2
72,4.177492e-15,5.202949e-14,1.2917667e-13,2
73,4.177492e-15,5.202949e-14,1.2917667e-13,2
74,4.177492e-15,5.202949e-14,1.2917667e-13,2
75,4.177492e-15,5.202949e-14,1.2917667e-13,2
76,4.177492e-15,5.202949e-14,1.2917667e-13,2
77,4.177492e-15,5.202949e-14,1.2917667e-13,2
78,4.177492e-15,5.202949e-14,1.2917667e-13,2
79,4.177492e-15,5.202949e-14,1.2917667e-13,2
80,4.177492e-15,5.202949e-14,1.2917667e-13,2
81,4.177492e-15,5.202949e-14,1.2917667e-13,2
82,4.177492e-15,5.202949e-14,1.2917667e-13,2
83,4.177492e-15,5.202949e-14,1.2917667e-13,2
84,4.177492e-15,5.202949e-14,1.2917667e-13,2
85,4.177492e-15,5.202949e-14,1.2917667e-13,2
86,4.177492e-15,5.202949e-14,1.2917667e-13,2
87,4.177492e-15,5.202949e-14,1.2917667e-13,2
88,4.177492e-15,5.202949e-14,1.2917667e-13,2
89,4.177492e-15,5.202949e-14,1.2917667e-13,2
90,4.177492e-15,5.202949e-14,1.2917667e-13,2
91,4.177492e-15,5.202949e-14,1.2917667e-13,2
92,4.177492e-15,5.202949e-14,1.2917667e-13,2
93,4.177492e-15,5.202949e-14,1.2917667e-13,2
94,4.177492e-15,5.202949e-14,1.2917667e-13,2
95,4.177492e-15,5.202949e-14,1.2917667e-13,2
96,4.177492e-15,5.202949e-14,1.2917667e-13,2
97,4.177492e-15,5.202949e-14,1.2917667e-13,2
98,4.177492e-15,5.202949e-14,1.2917667e-13,2
99,4.177492e-15,5.202949e-14,1.2917667e-13,2
100,4.177492e-15,5.202949e-14,1.2917667e-13,2
101,4.177492e-15,5.202949e-14,1.2917667e-13,2
102,4.177492e-15,5.202949e-14,1.2917667e-13,2
103,4.177492e-15,5.202949e-14,1.2917667e-13,2
104,4.177492e-15,5.202949e-14,1.2917667e-13,2
105,4.177492e-15,5.202949e-14,1.2917667e-13,2
106,4.177492e-15,5.202949e-14,1.2917667e-13,2
107,4.177492e-15,5.202949e-14,1.2917667e-13,2
108,4.177492e-15,5.202949e-14,1.2917667e-13,2
109,4.177492e-15,5.202949e-14,1.2917667e-13,2
110,4.177492e-15,5.202949e-14,1.2917667e-13,2
111,4.177492e-15,5.202949e-14,1.2917667e-13,2
112,4.177492e-15,5.202949e-14,1.2917667e-13,2
113,4.177492e-15,5.202949e-14,1.2917667e-13,2
114,4.177492e-15,5.202949e-14,1.2917667e-13,2
115,4.177492e-15,5.202949e-14,1.2917667e-13,2
116,4.177492e-15,5.202949e-14,1.2917667e-13,2
117,4.177492e-15,5.202949e-14,1.2917667e-13,2
118,4.177492e-15,5.202949e-14,1.2917667e-13,2
119,4.177492e-15,5.202949e-14,1.2917667e-13,2
120,4.177492e-15,5.202949e-14,1.2917667e-13,2
121,4.177492e-15,5.202949e-14,1.2917667e-13,2
122,4.177492e-15,5.202949e-14,1.2917667e-13,2
123,4.177492e-15,5.202949e-14,1.2917667e-13,2
124,4.177492e-15,5.202949e-14,1.2917667e-13,2
125,4.177492e-15,5.202949e-14,1.2917667e-13,2
126,4.177492e-15,5.202949e-14,1.2917667e-13,2
127,4.177492e-15,5.202949e-14,1.2917667e-13,2
128,4.177492e-15,5.202949e-14,1.2917667e-13,2
129,4.177492e-15,5.202949e-14,1.2917667e-13,2
130,4.177492e-15,5.202949e-14,1.2917667e-13,2
131,4.177492e-15,5.202949e-14,1.2917667e-13,2
132,4.177492e-15,5.202949e-14,1.2917667e-13,2
133,4.177492e-15,5.202949e-14,1.2917667e-13,2
134,4.177492e-15,5.202949e-14,1.2917667e-13,2
135,4.177492e-15,5.202949e-14,1.2917667e-13,2
136,4.177492e-15,5.202949e-14,1.2917667e-13,2
137,4.177492e-15,5.202949e-14,1.2917667e-13,2
138,4.177492e-15,5.202949e-14,1.2917667e-13,2
139,4.177492e-15,5.202949e-14,1.2917667e-13,2
140,4.177492e-15,5.202949e-14,1.2917667e-13,2
141,4.177492e-15,5.202949e-14,1.2917667e-13,2
142,4.177492e-15,5.202949e-14,1.2917667e-13,2
143,4.177492e-15,5.202949e-14,1.2917667e-13,2
144,4.177492e-15,5.202949e-14,1.2917667e-13,2
145,4.177492e-15,5.202949e-14,1.2917667e-13,2
146,4.177492e-15,5.202949e-14,1.2917667e-13,2
147,4.177492e-15,5.202949e-14,1.2917667e-13,2
148,4.177492e-15,5.202949e-14,1.2917667e-13,2
149,4.177492e-15,5.202949e-14,1.2917667e-13,2
150,4.177492e-15,5.202949e-14,1.2917667e-13,2
151,4.177492e-15,5.202949e-14,1.2917667e-13,2
152,4.177492e-15,5.202949e-14,1.2917667e-13,2
153,4.177492e-15,5.202949e-14,1.2917667e-13,2
154,4.177492e-15,5.202949e-14,1.2917667e-13,2
155,4.177492e-15,5.202949e-14,1.2917667e-13,2
156,4.177492e-15,5.202949e-14,1.2917667e-13,2
157,4.177492e-15,5.202949e-14,1.2917667e-13,2
158,4.177492e-15,5.202949e-14,1.2917667e-13,2
159,4.177492e-15,5.202949e-14,1.2917667e-13,2
160,4.177492e-15,5.202949e-14,1.2917667e-13,2
161,4.177492e-15,5.202949e-14,1.2917667e-13,2
162,4.177492e-15,5.202949e-14,1.2917667e-13,2
163,4.177492e-15,5.202949e-14,1.2917667e-13,2
164,4.177492e-15,5.202949e-14,1.2917667e-13,2
165,4.177492e-15,5.202949e-14,1.2917667e-13,2
166,4.177492e-15,5.202949e-14,1.2917667e-13,2
167,4.177492e-15,5.202949e-14,1.2917667e-13,2
168,4.177492e-15,5.202949e-14,1.2917667e-13,2
169,4.177492e-15,5.202949e-14,1.2917667e-13,2
170,4.177492e-15,5.202949e-14,1.2917667e-13,2
171,4.177492e-15,5.202949e-14,1.2917667e-13,2
172,4.177492e-15,5.202949e-14,1.2917667e-13,2
173,4.177492e-15,5.202949e-14,1.2917667e-13,2
174,4.177492e-15,5.202949e-14,1.2917667e-13,2
175,4.177492e-15,5.202949e-14,1.2917667e-13,2
176,4.177492e-15,5.202949e-14,1.2917667e-13,2
177,4.177492e-15,5.202949e-14,1.2917667e-13,2
178,4.177492e-15,5.202949e-14,1.2917667e-13,2
179,4.177492e-15,5.202949e-14,1.2917667e-13,2
180,4.177492e-15,5.202949e-14,1.2917667e-13,2
181,4.177492e-15,5.202949e-14,1.2917667e-13,2
182,4.177492e-15,5.202949e-14,1.2917667e-13,2
183,4.177492e-15,5.202949e-14,1.2917667e-13,2
184,4.177492e-15,5.202949e-14,1.2917667e-13,2
185,4.177492e-15,5.202949e-14,1.2917667e-13,2
186,4.177492e-15,5.202949e-14,1.2917667e-13,2
187,4.177492e-15,5.202949e-14,1.2917667e-13,2
188,4.177492e-15,5.202949e-14,1.2917667e-13,2
189,4.177492e-15,5.202949e-14,1.2917667e-13,2
190,4.177492e-15,5.202949e-14,1.2917667e-13,2
191,4.177492e-15,5.202949e-14,1.2917667e-13,2
192,4.177492e-15,5.202949e-14,1.2917667e-13,2
193,4.177492e-15,5.202949e-14,1.2917667e-13,2
194,4.177492e-15,5.202949e-14,1.2917667e-13,2
195,4.177492e-15,5.202949e-14,1.2917667e-13,2
196,4.177492e-15,5.202949e-14,1.2917667e-13,2
197,4.177492e-15,5.202949e-14,1.2917667e-13,2
198,4.177492e-15,5.202949e-14,1.2917667e-13,2
199,4.177492e-15,5.202949e-14,1.2917667e-13,2
0,6.2238293,1.2359221,48.528522,3
1,21.486814,1.2359221,47.938206,3
2,2.3929596,8.247795,36.573627,3
3,4.4370703e-05,0.66984487,0.00095247146,3
4,1.6066891e-10,1.740476e-05,4.7156106e-09,3
5,1.07825485e-11,3.735538e-11,3.0367317e-10,3
6,1.0779896e-11,2.9639756e-12,3.0365271e-10,3
7,1.0779896e-11,2.9594283e-12,3.0365271e-10,3
8,1.0779896e-11,2.9594283e-12,3.0365271e-10,3
9,1.0779896e-11,2.9594283e-12,3.0365271e-10,3
10,1.0779896e-11,2.9594283e-12,3.0365271e-10,3
11,1.0779896e-11,2.9594283e-12,3.0365271e-10,3
12,1.0779896e-11,2.9594283e-12,3.0365271e-10,3
13,1.0779896e-11,2.9594283e-12,3.0365271e-10,3
14,1.0779896e-11,2.9594283e-12,3.0365271e-10,3
15,1.0779896e-11,2.9594283e-12,3.0365271e-10,3
16,1.0779896e-11,2.9594283e-12,3.0365271e-10,3
17,1.0779896e-11,2.9594283e-12,3.0365271e-10,3
18,1.0779896e-11,2.9594283e-12,3.0365271e-10,3
19,1.0779896e-11,2.9594283e-12,3.0365271e-10,3
20,1.0779896e-11,2.9594283e-12,3.0365271e-10,3
21,1.0779896e-11,2.9594283e-12,3.0365271e-10,3
22,1.0779896e-11,2.9594283e-12,3.0365271e-10,3
23,1.0779896e-11,2.9594283e-12,3.0365271e-10,3
24,1.0779896e-11,2.9594283e-12,3.0365271e-10,3
25,1.0779896e-11,2.9594283e-12,3.0365271e-10,3
26,1.0779896e-11,2.9594283e-12,3.0365271e-10,3
27,1.0779896e-11,2.9594283e-12,3.0365271e-10,3
28,1.0779896e-11,2.9594283e-12,3.0365271e-10,3
29,1.0779896e-11,2.9594283e-12,3.0365271e-10,3
30,1.0779896e-11,2.9594283e-12,3.0365271e-10,3
31,1.0779896e-11,2.9594283e-12,3.0365271e-10,3
32,1.0779896e-11,2.9594283e-12,3.0365271e-10,3
33,1.0779896e-11,2.9594283e-12,3.0365271e-10,3
34,1.0779896e-11,2.9594283e-12,3.0365271e-10,3
35,1.0779896e-11,2.9594283e-12,3.0365271e-10,3
36,1.0779896e-11,2.9594283e-12,3.0365271e-10,3
37,1.0779896e-11,2.9594283e-12,3.0365271e-10,3
38,1.0779896e-11,2.9594283e-12,3.0365271e-10,3
39,1.0779896e-11,2.9594283e-12,3.0365271e-10,3
40,1.0779896e-11,2.9594283e-12,3.0365271e-10,3
41,1.0779896e-11,2.9594283e-12,3.0365271e-10,3
42,1.0779896e-11,2.9594283e-12,3.0365271e-10,3
43,1.0779896e-11,2.9594283e-12,3.0365271e-10,3
44,1.0779896e-11,2.9594283e-12,3.0365271e-10,3
45,1.0779896e-11,2.9594283e-12,3.0365271e-10,3
46,1.0779896e-11,2.9594283e-12,3.0365271e-10,3
47,1.0779896e-11,2.9594283e-12,3.0365271e-10,3
48,1.0779896e-11,2.9594283e-12,3.0365271e-10,3
49,1.0779896e-11,2.9594283e-12,3.0365271e-10,3
50,1.0779896e-11,2.9594283e-12,3.0365271e-10,3
51,1.0779896e-11,2.9594283e-12,3.0365271e-10,3
52,1.0779896e-11,2.9594283e-12,3.0365271e-10,3
53,1.0779896e-11,2.9594283e-12,3.0365271e-10,3
54,1.0779896e-11,2.9594283e-12,3.0365271e-10,3
55,1.0779896e-11,2.9594283e-12,3.0365271e-10,3
56,1.0779896e-11,2.9594283e-12,3.0365271e-10,3
57,1.0779896e-11,2.9594283e-12,3.0365271e-10,3
58,1.0779896e-11,2.9594283e-12,3.0365271e-10,3
59,1.0779896e-11,2.9594283e-12,3.0365271e-10,3
60,1.0779896e-11,2.9594283e-12,3.0365271e-10,3
61,1.0779896e-11,2.9594283e-12,3.0365271e-10,3
62,1.0779896e-11,2.9594283e-12,3.0365271e-10,3
63,1.0779896e-11,2.9594283e-12,3.0365271e-10,3
64,1.0779896e-11,2.9594283e-12,3.0365271e-10,3
65,1.0779896e-11,2.9594283e-12,3.0365271e-10,3
66,1.0779896e-11,2.9594283e-12,3.0365271e-10,3
67,1.0779896e-11,2.9594283e-12,3.0365271e-10,3
68,1.0779896e-11,2.9594283e-12,3.0365271e-10,3
69,1.0779896e-11,2.9594283e-12,3.0365271e-10,3
70,1.0779896e-11,2.9594283e-12,3.0365271e-10,3
71,1.0779896e-11,2.9594283e-12,3.0365271e-10,3
72,1.0779896e-11,2.9594283e-12,3.0365271e-10,3
73,1.0779896e-11,2.9594283e-12,3.0365271e-10,3
74,1.0779896e-11,2.9594283e-12,3.0365271e-10,3
75,1.0779896e-11,2.9594283e-12,3.0365271e-10,3
76,1.0779896e-11,2.9594283e-12,3.0365271e-10,3
77,1.0779896e-11,2.9594283e-12,3.0365271e-10,3
78,1.0779896e-11,2.9594283e-12,3.0365271e-10,3
79,1.0779896e-11,2.9594283e-12,3.0365271e-10,3
80,1.0779896e-11,2.9594283e-12,3.0365271e-10,3
81,1.0779896e-11,2.9594283e-12,3.0365271e-10,3
82,1.0779896e-11,2.9594283e-12,3.0365271e-10,3
83,1.0779896e-11,2.9594283e-12,3.0365271e-10,3
84,1.0779896e-11,2.9594283e-12,3.0365271e-10,3
85,1.0779896e-11,2.9594283e-12,3.0365271e-10,3
86,1.0779896e-11,2.9594283e-12,3.0365271e-10,3
87,1.0779896e-11,2.9594283e-12,3.0365271e-10,3
88,1.0779896e-11,2.9594283e-12,3.0365271e-10,3
89,1.0779896e-11,2.9594283e-12,3.0365271e-10,3
90,1.0779896e-11,2.9594283e-12,3.0365271e-10,3
91,1.0779896e-11,2.9594283e-12,3.0365271e-10,3
92,1.0779896e-11,2.9594283e-12,3.0365271e-10,3
93,1.0779896e-11,2.9594283e-12,3.0365271e-10,3
94,1.0779896e-11,2.9594283e-12,3.0365271e-10,3
95,1.0779896e-11,2.9594283e-12,3.0365271e-10,3
96,1.0779896e-11,2.9594283e-12,3.0365271e-10,3
97,1.0779896e-11,2.9594283e-12,3.0365271e-10,3
98,1.0779896e-11,2.9594283e-12,3.0365271e-10,3
99,1.0779896e-11,2.9594283e-12,3.0365271e-10,3
100,1.0779896e-11,2.9594283e-12,3.0365271e-10,3
101,1.0779896e-11,2.9594283e-12,3.0365271e-10,3
102,1.0779896e-11,2.9594283e-12,3.0365271e-10,3
103,1.0779896e-11,2.9594283e-12,3.0365271e-10,3
104,1.0779896e-11,2.9594283e-12,3.0365271e-10,3
105,1.0779896e-11,2.9594283e-12,3.0365271e-10,3
106,1.0779896e-11,2.9594283e-12,3.0365271e-10,3
107,1.0779896e-11,2.9594283e-12,3.0365271e-10,3
108,1.0779896e-11,2.9594283e-12,3.0365271e-10,3
109,1.0779896e-11,2.9594283e-12,3.0365271e-10,3
110,1.0779896e-11,2.9594283e-12,3.0365271e-10,3
111,1.0779896e-11,2.9594283e-12,3.0365271e-10,3
112,1.0779896e-11,2.9594283e-12,3.0365271e-10,3
113,1.0779896e-11,2.9594283e-12,3.0365271e-10,3
114,1.0779896e-11,2.9594283e-12,3.0365271e-10,3
115,1.0779896e-11,2.9594283e-12,3.0365271e-10,3
116,1.0779896e-11,2.9594283e-12,3.0365271e-10,3
117,1.0779896e-11,2.9594283e-12,3.0365271e-10,3
118,1.0779896e-11,2.9594283e-12,3.0365271e-10,3
119,1.0779896e-11,2.9594283e-12,3.0365271e-10,3
120,1.0779896e-11,2.9594283e-12,3.0365271e-10,3
121,1.0779896e-11,2.9594283e-12,3.0365271e-10,3
122,1.0779896e-11,2.9594283e-12,3.0365271e-10,3
123,1.0779896e-11,2.9594283e-12,3.0365271e-10,3
124,1.0779896e-11,2.9594283e-12,3.0365271e-10,3
125,1.0779896e-11,2.9594283e-12,3.0365271e-10,3
126,1.0779896e-11,2.9594283e-12,3.0365271e-10,3
127,1.0779896e-11,2.9594283e-12,3.0365271e-10,3
128,1.0779896e-11,2.9594283e-12,3.0365271e-10,3
129,1.0779896e-11,2.9594283e-12,3.0365271e-10,3
130,1.0779896e-11,2.9594283e-12,3.0365271e-10,3
131,1.0779896e-11,2.9594283e-12,3.0365271e-10,3
132,1.0779896e-11,2.9594283e-12,3.0365271e-10,3
133,1.0779896e-11,2.9594283e-12,3.0365271e-10,3
134,1.0779896e-11,2.9594283e-12,3.0365271e-10,3
135,1.0779896e-11,2.9594283e-12,3.0365271e-10,3
136,1.0779896e-11,2.9594283e-12,3.0365271e-10,3
137,1.0779896e-11,2.9594283e-12,3.0365271e-10,3
138,1.0779896e-11,2.9594283e-12,3.0365271e-10,3
139,1.0779896e-11,2.9594283e-12,3.0365271e-10,3
140,1.0779896e-11,2.9594283e-12,3.0365271e-10,3
141,1.0779896e-11,2.9594283e-12,3.0365271e-10,3
142,1.0779896e-11,2.9594283e-12,3.0365271e-10,3
143,1.0779896e-11,2.9594283e-12,3.0365271e-10,3
144,1.0779896e-11,2.9594283e-12,3.0365271e-10,3
145,1.0779896e-11,2.9594283e-12,3.0365271e-10,3
146,1.0779896e-11,2.9594283e-12,3.0365271e-10,3
147,1.0779896e-11,2.9594283e-12,3.0365271e-10,3
148,1.0779896e-11,2.9594283e-12,3.0365271e-10,3
149,1.0779896e-11,2.9594283e-12,3.0365271e-10,3
150,1.0779896e-11,2.9594283e-12,3.0365271e-10,3
151,1.0779896e-11,2.9594283e-12,3.0365271e-10,3
152,1.0779896e-11,2.9594283e-12,3.0365271e-10,3
153,1.0779896e-11,2.9594283e-12,3.0365271e-10,3
154,1.0779896e-11,2.9594283e-12,3.0365271e-10,3
155,1.0779896e-11,2.9594283e-12,3.0365271e-10,3
156,1.0779896e-11,2.9594283e-12,3.0365271e-10,3
157,1.0779896e-11,2.9594283e-12,3.0365271e-10,3
158,1.0779896e-11,2.9594283e-12,3.0365271e-10,3
159,1.0779896e-11,2.9594283e-12,3.0365271e-10,3
160,1.0779896e-11,2.9594283e-12,3.0365271e-10,3
161,1.0779896e-11,2.9594283e-12,3.0365271e-10,3
162,1.0779896e-11,2.9594283e-12,3.0365271e-10,3
163,1.0779896e-11,2.9594283e-12,3.0365271e-10,3
164,1.0779896e-11,2.9594283e-12,3.0365271e-10,3
165,1.0779896e-11,2.9594283e-12,3.0365271e-10,3
166,1.0779896e-11,2.9594283e-12,3.0365271e-10,3
167,1.0779896e-11,2.9594283e-12,3.0365271e-10,3
168,1.0779896e-11,2.9594283e-12,3.0365271e-10,3
169,1.0779896e-11,2.9594283e-12,3.0365271e-10,3
170,1.0779896e-11,2.9594283e-12,3.0365271e-10,3
171,1.0779896e-11,2.9594283e-12,3.0365271e-10,3
172,1.0779896e-11,2.9594283e-12,3.0365271e-10,3
173,1.0779896e-11,2.9594283e-12,3.0365271e-10,3
174,1.0779896e-11,2.9594283e-12,3.0365271e-10,3
175,1.0779896e-11,2.9594283e-12,3.0365271e-10,3
176,1.0779896e-11,2.9594283e-12,3.0365271e-10,3
177,1.0779896e-11,2.9594283e-12,3.0365271e-10,3
178,1.0779896e-11,2.9594283e-12,3.0365271e-10,3
179,1.0779896e-11,2.9594283e-12,3.0365271e-10,3
180,1.0779896e-11,2.9594283e-12,3.0365271e-10,3
181,1.0779896e-11,2.9594283e-12,3.0365271e-10,3
182,1.0779896e-11,2.9594283e-12,3.0365271e-10,3
183,1.0779896e-11,2.9594283e-12,3.0365271e-10,3
184,1.0779896e-11,2.9594283e-12,3.0365271e-10,3
185,1.0779896e-11,2.9594283e-12,3.0365271e-10,3
186,1.0779896e-11,2.9594283e-12,3.0365271e-10,3
187,1.0779896e-11,2.9594283e-12,3.0365271e-10,3
188,1.0779896e-11,2.9594283e-12,3.0365271e-10,3
189,1.0779896e-11,2.9594283e-12,3.0365271e-10,3
190,1.0779896e-11,2.9594283e-12,3.0365271e-10,3
191,1.0779896e-11,2.9594283e-12,3.0365271e-10,3
192,1.0779896e-11,2.9594283e-12,3.0365271e-10,3
193,1.0779896e-11,2.9594283e-12,3.0365271e-10,3
194,1.0779896e-11,2.9594283e-12,3.0365271e-10,3
195,1.0779896e-11,2.9594283e-12,3.0365271e-10,3
196,1.0779896e-11,2.9594283e-12,3.0365271e-10,3
197,1.0779896e-11,2.9594283e-12,3.0365271e-10,3
198,1.0779896e-11,2.9594283e-12,3.0365271e-10,3
199,1.0779896e-11,2.9594283e-12,3.0365271e-10,3
0,18.501465,5.489275,15.029708,4
1,24.624306,5.489275,39.997902,4
2,1.6388503,2.052423,38.7622,4
3,0.013536039,0.57209116,0.25834155,4
4,4.1356343e-05,0.0059381807,0.0005377373,4
5,5.6393046e-09,1.6818189e-05,6.2740256e-08,4
6,1.9308258e-14,2.2342936e-09,1.6513013e-13,4
7,3.604524e-16,3.474554e-14,7.9865e-14,4
8,3.604524e-16,1.8260948e-14,7.9865e-14,4
9,3.604524e-16,1.8260948e-14,7.9865e-14,4
10,3.604524e-16,1.8260948e-14,7.9865e-14,4
11,3.604524e-16,1.8260948e-14,7.9865e-14,4
12,3.604524e-16,1.8260948e-14,7.9865e-14,4
13,3.604524e-16,1.8260948e-14,7.9865e-14,4
14,3.604524e-16,1.8260948e-14,7.9865e-14,4
15,3.604524e-16,1.8260948e-14,7.9865e-14,4
16,3.604524e-16,1.8260948e-14,7.9865e-14,4
17,3.604524e-16,1.8260948e-14,7.9865e-14,4
18,3.604524e-16,1.8260948e-14,7.9865e-14,4
19,3.604524e-16,1.8260948e-14,7.9865e-14,4
20,3.604524e-16,1.8260948e-14,7.9865e-14,4
21,3.604524e-16,1.8260948e-14,7.9865e-14,4
22,3.604524e-16,1.8260948e-14,7.9865e-14,4
23,3.604524e-16,1.8260948e-14,7.9865e-14,4
24,3.604524e-16,1.8260948e-14,7.9865e-14,4
25,3.604524e-16,1.8260948e-14,7.9865e-14,4
26,3.604524e-16,1.8260948e-14,7.9865e-14,4
27,3.604524e-16,1.8260948e-14,7.9865e-14,4
28,3.604524e-16,1.8260948e-14,7.9865e-14,4
29,3.604524e-16,1.8260948e-14,7.9865e-14,4
30,3.604524e-16,1.8260948e-14,7.9865e-14,4
31,3.604524e-16,1.8260948e-14,7.9865e-14,4
32,3.604524e-16,1.8260948e-14,7.9865e-14,4
33,3.604524e-16,1.8260948e-14,7.9865e-14,4
34,3.604524e-16,1.8260948e-14,7.9865e-14,4
35,3.604524e-16,1.8260948e-14,7.9865e-14,4
36,3.604524e-16,1.8260948e-14,7.9865e-14,4
37,3.604524e-16,1.8260948e-14,7.9865e-14,4
38,3.604524e-16,1.8260948e-14,7.9865e-14,4
39,3.604524e-16,1.8260948e-14,7.9865e-14,4
40,3.604524e-16,1.8260948e-14,7.9865e-14,4
41,3.604524e-16,1.8260948e-14,7.9865e-14,4
42,3.604524e-16,1.8260948e-14,7.9865e-14,4
43,3.604524e-16,1.8260948e-14,7.9865e-14,4
44,3.604524e-16,1.8260948e-14,7.9865e-14,4
45,3.604524e-16,1.8260948e-14,7.9865e-14,4
46,3.604524e-16,1.8260948e-14,7.9865e-14,4
47,3.604524e-16,1.8260948e-14,7.9865e-14,4
48,3.604524e-16,1.8260948e-14,7.9865e-14,4
49,3.604524e-16,1.8260948e-14,7.9865e-14,4
50,3.604524e-16,1.8260948e-14,7.9865e-14,4
51,3.604524e-16,1.8260948e-14,7.9865e-14,4
52,3.604524e-16,1.8260948e-14,7.9865e-14,4
53,3.604524e-16,1.8260948e-14,7.9865e-14,4
54,3.604524e-16,1.8260948e-14,7.9865e-14,4
55,3.604524e-16,1.8260948e-14,7.9865e-14,4
56,3.604524e-16,1.8260948e-14,7.9865e-14,4
57,3.604524e-16,1.8260948e-14,7.9865e-14,4
58,3.604524e-16,1.8260948e-14,7.9865e-14,4
59,3.604524e-16,1.8260948e-14,7.9865e-14,4
60,3.604524e-16,1.8260948e-14,7.9865e-14,4
61,3.604524e-16,1.8260948e-14,7.9865e-14,4
62,3.604524e-16,1.8260948e-14,7.9865e-14,4
63,3.604524e-16,1.8260948e-14,7.9865e-14,4
64,3.604524e-16,1.8260948e-14,7.9865e-14,4
65,3.604524e-16,1.8260948e-14,7.9865e-14,4
66,3.604524e-16,1.8260948e-14,7.9865e-14,4
67,3.604524e-16,1.8260948e-14,7.9865e-14,4
68,3.604524e-16,1.8260948e-14,7.9865e-14,4
69,3.604524e-16,1.8260948e-14,7.9865e-14,4
70,3.604524e-16,1.8260948e-14,7.9865e-14,4
71,3.604524e-16,1.8260948e-14,7.9865e-14,4
72,3.604524e-16,1.8260948e-14,7.9865e-14,4
73,3.604524e-16,1.8260948e-14,7.9865e-14,4
74,3.604524e-16,1.8260948e-14,7.9865e-14,4
75,3.604524e-16,1.8260948e-14,7.9865e-14,4
76,3.604524e-16,1.8260948e-14,7.9865e-14,4
77,3.604524e-16,1.8260948e-14,7.9865e-14,4
78,3.604524e-16,1.8260948e-14,7.9865e-14,4
79,3.604524e-16,1.8260948e-14,7.9865e-14,4
80,3.604524e-16,1.8260948e-14,7.9865e-14,4
81,3.604524e-16,1.8260948e-14,7.9865e-14,4
82,3.604524e-16,1.8260948e-14,7.9865e-14,4
83,3.604524e-16,1.8260948e-14,7.9865e-14,4
84,3.604524e-16,1.8260948e-14,7.9865e-14,4
85,3.604524e-16,1.8260948e-14,7.9865e-14,4
86,3.604524e-16,1.8260948e-14,7.9865e-14,4
87,3.604524e-16,1.8260948e-14,7.9865e-14,4
88,3.604524e-16,1.8260948e-14,7.9865e-14,4
89,3.604524e-16,1.8260948e-14,7.9865e-14,4
90,3.604524e-16,1.8260948e-14,7.9865e-14,4
91,3.604524e-16,1.8260948e-14,7.9865e-14,4
92,3.604524e-16,1.8260948e-14,7.9865e-14,4
93,3.604524e-16,1.8260948e-14,7.9865e-14,4
94,3.604524e-16,1.8260948e-14,7.9865e-14,4
95,3.604524e-16,1.8260948e-14,7.9865e-14,4
96,3.604524e-16,1.8260948e-14,7.9865e-14,4
97,3.604524e-16,1.8260948e-14,7.9865e-14,4
98,3.604524e-16,1.8260948e-14,7.9865e-14,4
99,3.604524e-16,1.8260948e-14,7.9865e-14,4
100,3.604524e-16,1.8260948e-14,7.9865e-14,4
101,3.604524e-16,1.8260948e-14,7.9865e-14,4
102,3.604524e-16,1.8260948e-14,7.9865e-14,4
103,3.604524e-16,1.8260948e-14,7.9865e-14,4
104,3.604524e-16,1.8260948e-14,7.9865e-14,4
105,3.604524e-16,1.8260948e-14,7.9865e-14,4
106,3.604524e-16,1.8260948e-14,7.9865e-14,4
107,3.604524e-16,1.8260948e-14,7.9865e-14,4
108,3.604524e-16,1.8260948e-14,7.9865e-14,4
109,3.604524e-16,1.8260948e-14,7.9865e-14,4
110,3.604524e-16,1.8260948e-14,7.9865e-14,4
111,3.604524e-16,1.8260948e-14,7.9865e-14,4
112,3.604524e-16,1.8260948e-14,7.9865e-14,4
113,3.604524e-16,1.8260948e-14,7.9865e-14,4
114,3.604524e-16,1.8260948e-14,7.9865e-14,4
115,3.604524e-16,1.8260948e-14,7.9865e-14,4
116,3.604524e-16,1.8260948e-14,7.9865e-14,4
117,3.604524e-16,1.8260948e-14,7.9865e-14,4
118,3.604524e-16,1.8260948e-14,7.9865e-14,4
119,3.604524e-16,1.8260948e-14,7.9865e-14,4
120,3.604524e-16,1.8260948e-14,7.9865e-14,4
121,3.604524e-16,1.8260948e-14,7.9865e-14,4
122,3.604524e-16,1.8260948e-14,7.9865e-14,4
123,3.604524e-16,1.8260948e-14,7.9865e-14,4
124,3.604524e-16,1.8260948e-14,7.9865e-14,4
125,3.604524e-16,1.8260948e-14,7.9865e-14,4
126,3.604524e-16,1.8260948e-14,7.9865e-14,4
127,3.604524e-16,1.8260948e-14,7.9865e-14,4
128,3.604524e-16,1.8260948e-14,7.9865e-14,4
129,3.604524e-16,1.8260948e-14,7.9865e-14,4
130,3.604524e-16,1.8260948e-14,7.9865e-14,4
131,3.604524e-16,1.8260948e-14,7.9865e-14,4
132,3.604524e-16,1.8260948e-14,7.9865e-14,4
133,3.604524e-16,1.8260948e-14,7.9865e-14,4
134,3.604524e-16,1.8260948e-14,7.9865e-14,4
135,3.604524e-16,1.8260948e-14,7.9865e-14,4
136,3.604524e-16,1.8260948e-14,7.9865e-14,4
137,3.604524e-16,1.8260948e-14,7.9865e-14,4
138,3.604524e-16,1.8260948e-14,7.9865e-14,4
139,3.604524e-16,1.8260948e-14,7.9865e-14,4
140,3.604524e-16,1.8260948e-14,7.9865e-14,4
141,3.604524e-16,1.8260948e-14,7.9865e-14,4
142,3.604524e-16,1.8260948e-14,7.9865e-14,4
143,3.604524e-16,1.8260948e-14,7.9865e-14,4
144,3.604524e-16,1.8260948e-14,7.9865e-14,4
145,3.604524e-16,1.8260948e-14,7.9865e-14,4
146,3.604524e-16,1.8260948e-14,7.9865e-14,4
147,3.604524e-16,1.8260948e-14,7.9865e-14,4
148,3.604524e-16,1.8260948e-14,7.9865e-14,4
149,3.604524e-16,1.8260948e-14,7.9865e-14,4
150,3.604524e-16,1.8260948e-14,7.9865e-14,4
151,3.604524e-16,1.8260948e-14,7.9865e-14,4
152,3.604524e-16,1.8260948e-14,7.9865e-14,4
153,3.604524e-16,1.8260948e-14,7.9865e-14,4
154,3.604524e-16,1.8260948e-14,7.9865e-14,4
155,3.604524e-16,1.8260948e-14,7.9865e-14,4
156,3.604524e-16,1.8260948e-14,7.9865e-14,4
157,3.604524e-16,1.8260948e-14,7.9865e-14,4
158,3.604524e-16,1.8260948e-14,7.9865e-14,4
159,3.604524e-16,1.8260948e-14,7.9865e-14,4
160,3.604524e-16,1.8260948e-14,7.9865e-14,4
161,3.604524e-16,1.8260948e-14,7.9865e-14,4
162,3.604524e-16,1.8260948e-14,7.9865e-14,4
163,3.604524e-16,1.8260948e-14,7.9865e-14,4
164,3.604524e-16,1.8260948e-14,7.9865e-14,4
165,3.604524e-16,1.8260948e-14,7.9865e-14,4
166,3.604524e-16,1.8260948e-14,7.9865e-14,4
167,3.604524e-16,1.8260948e-14,7.9865e-14,4
168,3.604524e-16,1.8260948e-14,7.9865e-14,4
169,3.604524e-16,1.8260948e-14,7.9865e-14,4
170,3.604524e-16,1.8260948e-14,7.9865e-14,4
171,3.604524e-16,1.8260948e-14,7.9865e-14,4
172,3.604524e-16,1.8260948e-14,7.9865e-14,4
173,3.604524e-16,1.8260948e-14,7.9865e-14,4
174,3.604524e-16,1.8260948e-14,7.9865e-14,4
175,3.604524e-16,1.8260948e-14,7.9865e-14,4
176,3.604524e-16,1.8260948e-14,7.9865e-14,4
177,3.604524e-16,1.8260948e-14,7.9865e-14,4
178,3.604524e-16,1.8260948e-14,7.9865e-14,4
179,3.604524e-16,1.8260948e-14,7.9865e-14,4
180,3.604524e-16,1.8260948e-14,7.9865e-14,4
181,3.604524e-16,1.8260948e-14,7.9865e-14,4
182,3.604524e-16,1.8260948e-14,7.9865e-14,4
183,3.604524e-16,1.8260948e-14,7.9865e-14,4
184,3.604524e-16,1.8260948e-14,7.9865e-14,4
185,3.604524e-16,1.8260948e-14,7.9865e-14,4
186,3.604524e-16,1.8260948e-14,7.9865e-14,4
187,3.604524e-16,1.8260948e-14,7.9865e-14,4
188,3.604524e-16,1.8260948e-14,7.9865e-14,4
189,3.604524e-16,1.8260948e-14,7.9865e-14,4
190,3.604524e-16,1.8260948e-14,7.9865e-14,4
191,3.604524e-16,1.8260948e-14,7.9865e-14,4
192,3.604524e-16,1.8260948e-14,7.9865e-14,4
193,3.604524e-16,1.8260948e-14,7.9865e-14,4
194,3.604524e-16,1.8260948e-14,7.9865e-14,4
195,3.604524e-16,1.8260948e-14,7.9865e-14,4
196,3.604524e-16,1.8260948e-14,7.9865e-14,4
197,3.604524e-16,1.8260948e-14,7.9865e-14,4
198,3.604524e-16,1.8260948e-14,7.9865e-14,4
199,3.604524e-16,1.8260948e-14,7.9865e-14,4
0,0.47191784,0.10579976,2.0962734,5
1,0.96443564,0.10579976,4.550927,5
2,0.5420424,0.31205565,2.7346888,5
3,0.1660668,0.13010284,0.6578956,5
4,0.062222864,0.030802254,0.37981445,5
5,0.025688894,0.01624853,0.114613414,5
6,0.004541936,0.0033384366,0.029840216,5
7,0.0026156446,0.0014899203,0.016922127,5
8,0.00022053317,0.0004775777,0.0018078638,5
9,2.4424313e-05,4.0384843e-05,0.00017748724,5
10,1.2595704e-06,4.2068514e-06,9.309253e-06,5
11,3.0856512e-07,5.395043e-07,2.3178482e-06,5
12,4.327675e-08,1.0074324e-07,3.6493995e-07,5
13,2.9126603e-09,9.925827e-09,2.674998e-08,5
14,1.0867074e-10,5.064835e-10,1.0505005e-09,5
15,3.4797896e-12,1.755594e-11,2.642878e-11,5
16,1.6002741e-12,1.2619397e-12,1.5409113e-11,5
17,4.225582e-13,5.835999e-13,5.845777e-12,5
18,3.5395276e-13,1.3956645e-13,5.450147e-12,5
19,9.7195e-13,1.4286429e-13,1.0493295e-11,5
20,5.5603406e-13,2.408837e-13,7.260041e-12,5
21,1.074247e-12,1.6245647e-13,1.0525127e-11,5
22,5.8417626e-13,2.7540532e-13,7.537437e-12,5
23,7.416007e-13,1.7388127e-13,8.519691e-12,5
24,6.4204257e-13,2.355622e-13,7.210019e-12,5
25,7.441084e-13,1.8583723e-13,7.5965545e-12,5
26,5.686382e-13,2.5257815e-13,7.637482e-12,5
27,4.7048975e-13,1.651269e-13,6.459686e-12,5
28,5.2001085e-13,1.4532413e-13,7.2327565e-12,5
29,5.3743864e-13,1.5416886e-13,7.56927e-12,5
30,5.374323e-13,1.5717984e-13,7.56927e-12,5
31,5.3711376e-13,1.572751e-13,7.56927e-12,5
32,5.3629995e-13,1.5723173e-13,7.237304e-12,5
33,5.311377e-13,1.574885e-13,7.2327565e-12,5
34,5.326133e-13,1.57028e-13,7.237304e-12,5
35,5.34249e-13,1.5827816e-13,7.237304e-12,5
36,5.3428973e-13,1.5838334e-13,7.237304e-12,5
37,5.342834e-13,1.5834587e-13,7.237304e-12,5
38,5.342834e-13,1.5837112e-13,7.237304e-12,5
39,5.342834e-13,1.5837112e-13,7.237304e-12,5
40,5.342834e-13,1.5837112e-13,7.237304e-12,5
41,5.342834e-13,1.5837112e-13,7.237304e-12,5
42,5.342834e-13,1.5837112e-13,7.237304e-12,5
43,5.342834e-13,1.5837112e-13,7.237304e-12,5
44,5.342834e-13,1.5837112e-13,7.237304e-12,5
45,5.342834e-13,1.5837112e-13,7.237304e-12,5
46,5.342834e-13,1.5837112e-13,7.237304e-12,5
47,5.342834e-13,1.5837112e-13,7.237304e-12,5
48,5.342834e-13,1.5837112e-13,7.237304e-12,5
49,5.342834e-13,1.5837112e-13,7.237304e-12,5
50,5.342834e-13,1.5837112e-13,7.237304e-12,5
51,5.342834e-13,1.5837112e-13,7.237304e-12,5
52,5.342834e-13,1.5837112e-13,7.237304e-12,5
53,5.342834e-13,1.5837112e-13,7.237304e-12,5
54,5.342834e-13,1.5837112e-13,7.237304e-12,5
55,5.342834e-13,1.5837112e-13,7.237304e-12,5
56,5.342834e-13,1.5837112e-13,7.237304e-12,5
57,5.342834e-13,1.5837112e-13,7.237304e-12,5
58,5.342834e-13,1.5837112e-13,7.237304e-12,5
59,5.342834e-13,1.5837112e-13,7.237304e-12,5
60,5.342834e-13,1.5837112e-13,7.237304e-12,5
61,5.342834e-13,1.5837112e-13,7.237304e-12,5
62,5.342834e-13,1.5837112e-13,7.237304e-12,5
63,5.342834e-13,1.5837112e-13,7.237304e-12,5
64,5.342834e-13,1.5837112e-13,7.237304e-12,5
65,5.342834e-13,1.5837112e-13,7.237304e-12,5
66,5.342834e-13,1.5837112e-13,7.237304e-12,5
67,5.342834e-13,1.5837112e-13,7.237304e-12,5
68,5.342834e-13,1.5837112e-13,7.237304e-12,5
69,5.342834e-13,1.5837112e-13,7.237304e-12,5
70,5.342834e-13,1.5837112e-13,7.237304e-12,5
71,5.342834e-13,1.5837112e-13,7.237304e-12,5
72,5.342834e-13,1.5837112e-13,7.237304e-12,5
73,5.342834e-13,1.5837112e-13,7.237304e-12,5
74,5.342834e-13,1.5837112e-13,7.237304e-12,5
75,5.342834e-13,1.5837112e-13,7.237304e-12,5
76,5.342834e-13,1.5837112e-13,7.237304e-12,5
77,5.342834e-13,1.5837112e-13,7.237304e-12,5
78,5.342834e-13,1.5837112e-13,7.237304e-12,5
79,5.342834e-13,1.5837112e-13,7.237304e-12,5
80,5.342834e-13,1.5837112e-13,7.237304e-12,5
81,5.342834e-13,1.5837112e-13,7.237304e-12,5
82,5.342834e-13,1.5837112e-13,7.237304e-12,5
83,5.342834e-13,1.5837112e-13,7.237304e-12,5
84,5.342834e-13,1.5837112e-13,7.237304e-12,5
85,5.342834e-13,1.5837112e-13,7.237304e-12,5
86,5.342834e-13,1.5837112e-13,7.237304e-12,5
87,5.342834e-13,1.5837112e-13,7.237304e-12,5
88,5.342834e-13,1.5837112e-13,7.237304e-12,5
89,5.342834e-13,1.5837112e-13,7.237304e-12,5
90,5.342834e-13,1.5837112e-13,7.237304e-12,5
91,5.342834e-13,1.5837112e-13,7.237304e-12,5
92,5.342834e-13,1.5837112e-13,7.237304e-12,5
93,5.342834e-13,1.5837112e-13,7.237304e-12,5
94,5.342834e-13,1.5837112e-13,7.237304e-12,5
95,5.342834e-13,1.5837112e-13,7.237304e-12,5
96,5.342834e-13,1.5837112e-13,7.237304e-12,5
97,5.342834e-13,1.5837112e-13,7.237304e-12,5
98,5.342834e-13,1.5837112e-13,7.237304e-12,5
99,5.342834e-13,1.5837112e-13,7.237304e-12,5
100,5.342834e-13,1.5837112e-13,7.237304e-12,5
101,5.342834e-13,1.5837112e-13,7.237304e-12,5
102,5.342834e-13,1.5837112e-13,7.237304e-12,5
103,5.342834e-13,1.5837112e-13,7.237304e-12,5
104,5.342834e-13,1.5837112e-13,7.237304e-12,5
105,5.342834e-13,1.5837112e-13,7.237304e-12,5
106,5.342834e-13,1.5837112e-13,7.237304e-12,5
107,5.342834e-13,1.5837112e-13,7.237304e-12,5
108,5.342834e-13,1.5837112e-13,7.237304e-12,5
109,5.342834e-13,1.5837112e-13,7.237304e-12,5
110,5.342834e-13,1.5837112e-13,7.237304e-12,5
111,5.342834e-13,1.5837112e-13,7.237304e-12,5
112,5.342834e-13,1.5837112e-13,7.237304e-12,5
113,5.342834e-13,1.5837112e-13,7.237304e-12,5
114,5.342834e-13,1.5837112e-13,7.237304e-12,5
115,5.342834e-13,1.5837112e-13,7.237304e-12,5
116,5.342834e-13,1.5837112e-13,7.237304e-12,5
117,5.342834e-13,1.5837112e-13,7.237304e-12,5
118,5.342834e-13,1.5837112e-13,7.237304e-12,5
119,5.342834e-13,1.5837112e-13,7.237304e-12,5
120,5.342834e-13,1.5837112e-13,7.237304e-12,5
121,5.342834e-13,1.5837112e-13,7.237304e-12,5
122,5.342834e-13,1.5837112e-13,7.237304e-12,5
123,5.342834e-13,1.5837112e-13,7.237304e-12,5
124,5.342834e-13,1.5837112e-13,7.237304e-12,5
125,5.342834e-13,1.5837112e-13,7.237304e-12,5
126,5.342834e-13,1.5837112e-13,7.237304e-12,5
127,5.342834e-13,1.5837112e-13,7.237304e-12,5
128,5.342834e-13,1.5837112e-13,7.237304e-12,5
129,5.342834e-13,1.5837112e-13,7.237304e-12,5
130,5.342834e-13,1.5837112e-13,7.237304e-12,5
131,5.342834e-13,1.5837112e-13,7.237304e-12,5
132,5.342834e-13,1.5837112e-13,7.237304e-12,5
133,5.342834e-13,1.5837112e-13,7.237304e-12,5
134,5.342834e-13,1.5837112e-13,7.237304e-12,5
135,5.342834e-13,1.5837112e-13,7.237304e-12,5
136,5.342834e-13,1.5837112e-13,7.237304e-12,5
137,5.342834e-13,1.5837112e-13,7.237304e-12,5
138,5.342834e-13,1.5837112e-13,7.237304e-12,5
139,5.342834e-13,1.5837112e-13,7.237304e-12,5
140,5.342834e-13,1.5837112e-13,7.237304e-12,5
141,5.342834e-13,1.5837112e-13,7.237304e-12,5
142,5.342834e-13,1.5837112e-13,7.237304e-12,5
143,5.342834e-13,1.5837112e-13,7.237304e-12,5
144,5.342834e-13,1.5837112e-13,7.237304e-12,5
145,5.342834e-13,1.5837112e-13,7.237304e-12,5
146,5.342834e-13,1.5837112e-13,7.237304e-12,5
147,5.342834e-13,1.5837112e-13,7.237304e-12,5
148,5.342834e-13,1.5837112e-13,7.237304e-12,5
149,5.342834e-13,1.5837112e-13,7.237304e-12,5
150,5.342834e-13,1.5837112e-13,7.237304e-12,5
151,5.342834e-13,1.5837112e-13,7.237304e-12,5
152,5.342834e-13,1.5837112e-13,7.237304e-12,5
153,5.342834e-13,1.5837112e-13,7.237304e-12,5
154,5.342834e-13,1.5837112e-13,7.237304e-12,5
155,5.342834e-13,1.5837112e-13,7.237304e-12,5
156,5.342834e-13,1.5837112e-13,7.237304e-12,5
157,5.342834e-13,1.5837112e-13,7.237304e-12,5
158,5.342834e-13,1.5837112e-13,7.237304e-12,5
159,5.342834e-13,1.5837112e-13,7.237304e-12,5
160,5.342834e-13,1.5837112e-13,7.237304e-12,5
161,5.342834e-13,1.5837112e-13,7.237304e-12,5
162,5.342834e-13,1.5837112e-13,7.237304e-12,5
163,5.342834e-13,1.5837112e-13,7.237304e-12,5
164,5.342834e-13,1.5837112e-13,7.237304e-12,5
165,5.342834e-13,1.5837112e-13,7.237304e-12,5
166,5.342834e-13,1.5837112e-13,7.237304e-12,5
167,5.342834e-13,1.5837112e-13,7.237304e-12,5
168,5.342834e-13,1.5837112e-13,7.237304e-12,5
169,5.342834e-13,1.5837112e-13,7.237304e-12,5
170,5.342834e-13,1.5837112e-13,7.237304e-12,5
171,5.342834e-13,1.5837112e-13,7.237304e-12,5
172,5.342834e-13,1.5837112e-13,7.237304e-12,5
173,5.342834e-13,1.5837112e-13,7.237304e-12,5
174,5.342834e-13,1.5837112e-13,7.237304e-12,5
175,5.342834e-13,1.5837112e-13,7.237304e-12,5
176,5.342834e-13,1.5837112e-13,7.237304e-12,5
177,5.342834e-13,1.5837112e-13,7.237304e-12,5
178,5.342834e-13,1.5837112e-13,7.237304e-12,5
179,5.342834e-13,1.5837112e-13,7.237304e-12,5
180,5.342834e-13,1.5837112e-13,7.237304e-12,5
181,5.342834e-13,1.5837112e-13,7.237304e-12,5
182,5.342834e-13,1.5837112e-13,7.237304e-12,5
183,5.342834e-13,1.5837112e-13,7.237304e-12,5
184,5.342834e-13,1.5837112e-13,7.237304e-12,5
185,5.342834e-13,1.5837112e-13,7.237304e-12,5
186,5.342834e-13,1.5837112e-13,7.237304e-12,5
187,5.342834e-13,1.5837112e-13,7.237304e-12,5
188,5.342834e-13,1.5837112e-13,7.237304e-12,5
189,5.342834e-13,1.5837112e-13,7.237304e-12,5
190,5.342834e-13,1.5837112e-13,7.237304e-12,5
191,5.342834e-13,1.5837112e-13,7.237304e-12,5
192,5.342834e-13,1.5837112e-13,7.237304e-12,5
193,5.342834e-13,1.5837112e-13,7.237304e-12,5
194,5.342834e-13,1.5837112e-13,7.237304e-12,5
195,5.342834e-13,1.5837112e-13,7.237304e-12,5
196,5.342834e-13,1.5837112e-13,7.237304e-12,5
197,5.342834e-13,1.5837112e-13,7.237304e-12,5
198,5.342834e-13,1.5837112e-13,7.237304e-12,5
199,5.342834e-13,1.5837112e-13,7.237304e-12,5
0,20.46771,2.7048278,16.463531,6
1,2.0297043,2.7048278,33.78444,6
2,0.10310784,0.1902335,2.2302556,6
3,4.7418594e-05,0.0081613595,0.0009034729,6
4,1.8358318e-12,5.190682e-06,4.1833523e-11,6
5,2.956524e-15,3.5086598e-13,1.362177e-13,6
6,3.3354802e-15,1.4210855e-14,1.4531265e-13,6
7,3.3354802e-15,1.4495072e-14,1.4531265e-13,6
8,3.3354802e-15,1.4495072e-14,1.4531265e-13,6
9,3.3354802e-15,1.4495072e-14,1.4531265e-13,6
10,3.3354802e-15,1.4495072e-14,1.4531265e-13,6
11,3.3354802e-15,1.4495072e-14,1.4531265e-13,6
12,3.3354802e-15,1.4495072e-14,1.4531265e-13,6
13,3.3354802e-15,1.4495072e-14,1.4531265e-13,6
14,3.3354802e-15,1.4495072e-14,1.4531265e-13,6
15,3.3354802e-15,1.4495072e-14,1.4531265e-13,6
16,3.3354802e-15,1.4495072e-14,1.4531265e-13,6
17,3.3354802e-15,1.4495072e-14,1.4531265e-13,6
18,3.3354802e-15,1.4495072e-14,1.4531265e-13,6
19,3.3354802e-15,1.4495072e-14,1.4531265e-13,6
20,3.3354802e-15,1.4495072e-14,1.4531265e-13,6
21,3.3354802e-15,1.4495072e-14,1.4531265e-13,6
22,3.3354802e-15,1.4495072e-14,1.4531265e-13,6
23,3.3354802e-15,1.4495072e-14,1.4531265e-13,6
24,3.3354802e-15,1.4495072e-14,1.4531265e-13,6
25,3.3354802e-15,1.4495072e-14,1.4531265e-13,6
26,3.3354802e-15,1.4495072e-14,1.4531265e-13,6
27,3.3354802e-15,1.4495072e-14,1.4531265e-13,6
28,3.3354802e-15,1.4495072e-14,1.4531265e-13,6
29,3.3354802e-15,1.4495072e-14,1.4531265e-13,6
30,3.3354802e-15,1.4495072e-14,1.4531265e-13,6
31,3.3354802e-15,1.4495072e-14,1.4531265e-13,6
32,3.3354802e-15,1.4495072e-14,1.4531265e-13,6
33,3.3354802e-15,1.4495072e-14,1.4531265e-13,6
34,3.3354802e-15,1.4495072e-14,1.4531265e-13,6
35,3.3354802e-15,1.4495072e-14,1.4531265e-13,6
36,3.3354802e-15,1.4495072e-14,1.4531265e-13,6
37,3.3354802e-15,1.4495072e-14,1.4531265e-13,6
38,3.3354802e-15,1.4495072e-14,1.4531265e-13,6
39,3.3354802e-15,1.4495072e-14,1.4531265e-13,6
40,3.3354802e-15,1.4495072e-14,1.4531265e-13,6
41,3.3354802e-15,1.4495072e-14,1.4531265e-13,6
42,3.3354802e-15,1.4495072e-14,1.4531265e-13,6
43,3.3354802e-15,1.4495072e-14,1.4531265e-13,6
44,3.3354802e-15,1.4495072e-14,1.4531265e-13,6
45,3.3354802e-15,1.4495072e-14,1.4531265e-13,6
46,3.3354802e-15,1.4495072e-14,1.4531265e-13,6
47,3.3354802e-15,1.4495072e-14,1.4531265e-13,6
48,3.3354802e-15,1.4495072e-14,1.4531265e-13,6
49,3.3354802e-15,1.4495072e-14,1.4531265e-13,6
50,3.3354802e-15,1.4495072e-14,1.4531265e-13,6
51,3.3354802e-15,1.4495072e-14,1.4531265e-13,6
52,3.3354802e-15,1.4495072e-14,1.4531265e-13,6
53,3.3354802e-15,1.4495072e-14,1.4531265e-13,6
54,3.3354802e-15,1.4495072e-14,1.4531265e-13,6
55,3.3354802e-15,1.4495072e-14,1.4531265e-13,6
56,3.3354802e-15,1.4495072e-14,1.4531265e-13,6
57,3.3354802e-15,1.4495072e-14,1.4531265e-13,6
58,3.3354802e-15,1.4495072e-14,1.4531265e-13,6
59,3.3354802e-15,1.4495072e-14,1.4531265e-13,6
60,3.3354802e-15,1.4495072e-14,1.4531265e-13,6
61,3.3354802e-15,1.4495072e-14,1.4531265e-13,6
62,3.3354802e-15,1.4495072e-14,1.4531265e-13,6
63,3.3354802e-15,1.4495072e-14,1.4531265e-13,6
64,3.3354802e-15,1.4495072e-14,1.4531265e-13,6
65,3.3354802e-15,1.4495072e-14,1.4531265e-13,6
66,3.3354802e-15,1.4495072e-14,1.4531265e-13,6
67,3.3354802e-15,1.4495072e-14,1.4531265e-13,6
68,3.3354802e-15,1.4495072e-14,1.4531265e-13,6
69,3.3354802e-15,1.4495072e-14,1.4531265e-13,6
70,3.3354802e-15,1.4495072e-14,1.4531265e-13,6
71,3.3354802e-15,1.4495072e-14,1.4531265e-13,6
72,3.3354802e-15,1.4495072e-14,1.4531265e-13,6
73,3.3354802e-15,1.4495072e-14,1.4531265e-13,6
74,3.3354802e-15,1.4495072e-14,1.4531265e-13,6
75,3.3354802e-15,1.4495072e-14,1.4531265e-13,6
76,3.3354802e-15,1.4495072e-14,1.4531265e-13,6
77,3.3354802e-15,1.4495072e-14,1.4531265e-13,6
78,3.3354802e-15,1.4495072e-14,1.4531265e-13,6
79,3.3354802e-15,1.4495072e-14,1.4531265e-13,6
80,3.3354802e-15,1.4495072e-14,1.4531265e-13,6
81,3.3354802e-15,1.4495072e-14,1.4531265e-13,6
82,3.3354802e-15,1.4495072e-14,1.4531265e-13,6
83,3.3354802e-15,1.4495072e-14,1.4531265e-13,6
84,3.3354802e-15,1.4495072e-14,1.4531265e-13,6
85,3.3354802e-15,1.4495072e-14,1.4531265e-13,6
86,3.3354802e-15,1.4495072e-14,1.4531265e-13,6
87,3.3354802e-15,1.4495072e-14,1.4531265e-13,6
88,3.3354802e-15,1.4495072e-14,1.4531265e-13,6
89,3.3354802e-15,1.4495072e-14,1.4531265e-13,6
90,3.3354802e-15,1.4495072e-14,1.4531265e-13,6
91,3.3354802e-15,1.4495072e-14,1.4531265e-13,6
92,3.3354802e-15,1.4495072e-14,1.4531265e-13,6
93,3.3354802e-15,1.4495072e-14,1.4531265e-13,6
94,3.3354802e-15,1.4495072e-14,1.4531265e-13,6
95,3.3354802e-15,1.4495072e-14,1.4531265e-13,6
96,3.3354802e-15,1.4495072e-14,1.4531265e-13,6
97,3.3354802e-15,1.4495072e-14,1.4531265e-13,6
98,3.3354802e-15,1.4495072e-14,1.4531265e-13,6
99,3.3354802e-15,1.4495072e-14,1.4531265e-13,6
100,3.3354802e-15,1.4495072e-14,1.4531265e-13,6
101,3.3354802e-15,1.4495072e-14,1.4531265e-13,6
102,3.3354802e-15,1.4495072e-14,1.4531265e-13,6
103,3.3354802e-15,1.4495072e-14,1.4531265e-13,6
104,3.3354802e-15,1.4495072e-14,1.4531265e-13,6
105,3.3354802e-15,1.4495072e-14,1.4531265e-13,6
106,3.3354802e-15,1.4495072e-14,1.4531265e-13,6
107,3.3354802e-15,1.4495072e-14,1.4531265e-13,6
108,3.3354802e-15,1.4495072e-14,1.4531265e-13,6
109,3.3354802e-15,1.4495072e-14,1.4531265e-13,6
110,3.3354802e-15,1.4495072e-14,1.4531265e-13,6
111,3.3354802e-15,1.4495072e-14,1.4531265e-13,6
112,3.3354802e-15,1.4495072e-14,1.4531265e-13,6
113,3.3354802e-15,1.4495072e-14,1.4531265e-13,6
114,3.3354802e-15,1.4495072e-14,1.4531265e-13,6
115,3.3354802e-15,1.4495072e-14,1.4531265e-13,6
116,3.3354802e-15,1.4495072e-14,1.4531265e-13,6
117,3.3354802e-15,1.4495072e-14,1.4531265e-13,6
118,3.3354802e-15,1.4495072e-14,1.4531265e-13,6
119,3.3354802e-15,1.4495072e-14,1.4531265e-13,6
120,3.3354802e-15,1.4495072e-14,1.4531265e-13,6
121,3.3354802e-15,1.4495072e-14,1.4531265e-13,6
122,3.3354802e-15,1.4495072e-14,1.4531265e-13,6
123,3.3354802e-15,1.4495072e-14,1.4531265e-13,6
124,3.3354802e-15,1.4495072e-14,1.4531265e-13,6
125,3.3354802e-15,1.4495072e-14,1.4531265e-13,6
126,3.3354802e-15,1.4495072e-14,1.4531265e-13,6
127,3.3354802e-15,1.4495072e-14,1.4531265e-13,6
128,3.3354802e-15,1.4495072e-14,1.4531265e-13,6
129,3.3354802e-15,1.4495072e-14,1.4531265e-13,6
130,3.3354802e-15,1.4495072e-14,1.4531265e-13,6
131,3.3354802e-15,1.4495072e-14,1.4531265e-13,6
132,3.3354802e-15,1.4495072e-14,1.4531265e-13,6
133,3.3354802e-15,1.4495072e-14,1.4531265e-13,6
134,3.3354802e-15,1.4495072e-14,1.4531265e-13,6
135,3.3354802e-15,1.4495072e-14,1.4531265e-13,6
136,3.3354802e-15,1.4495072e-14,1.4531265e-13,6
137,3.3354802e-15,1.4495072e-14,1.4531265e-13,6
138,3.3354802e-15,1.4495072e-14,1.4531265e-13,6
139,3.3354802e-15,1.4495072e-14,1.4531265e-13,6
140,3.3354802e-15,1.4495072e-14,1.4531265e-13,6
141,3.3354802e-15,1.4495072e-14,1.4531265e-13,6
142,3.3354802e-15,1.4495072e-14,1.4531265e-13,6
143,3.3354802e-15,1.4495072e-14,1.4531265e-13,6
144,3.3354802e-15,1.4495072e-14,1.4531265e-13,6
145,3.3354802e-15,1.4495072e-14,1.4531265e-13,6
146,3.3354802e-15,1.4495072e-14,1.4531265e-13,6
147,3.3354802e-15,1.4495072e-14,1.4531265e-13,6
148,3.3354802e-15,1.4495072e-14,1.4531265e-13,6
149,3.3354802e-15,1.4495072e-14,1.4531265e-13,6
150,3.3354802e-15,1.4495072e-14,1.4531265e-13,6
151,3.3354802e-15,1.4495072e-14,1.4531265e-13,6
152,3.3354802e-15,1.4495072e-14,1.4531265e-13,6
153,3.3354802e-15,1.4495072e-14,1.4531265e-13,6
154,3.3354802e-15,1.4495072e-14,1.4531265e-13,6
155,3.3354802e-15,1.4495072e-14,1.4531265e-13,6
156,3.3354802e-15,1.4495072e-14,1.4531265e-13,6
157,3.3354802e-15,1.4495072e-14,1.4531265e-13,6
158,3.3354802e-15,1.4495072e-14,1.4531265e-13,6
159,3.3354802e-15,1.4495072e-14,1.4531265e-13,6
160,3.3354802e-15,1.4495072e-14,1.4531265e-13,6
161,3.3354802e-15,1.4495072e-14,1.4531265e-13,6
162,3.3354802e-15,1.4495072e-14,1.4531265e-13,6
163,3.3354802e-15,1.4495072e-14,1.4531265e-13,6
164,3.3354802e-15,1.4495072e-14,1.4531265e-13,6
165,3.3354802e-15,1.4495072e-14,1.4531265e-13,6
166,3.3354802e-15,1.4495072e-14,1.4531265e-13,6
167,3.3354802e-15,1.4495072e-14,1.4531265e-13,6
168,3.3354802e-15,1.4495072e-14,1.4531265e-13,6
169,3.3354802e-15,1.4495072e-14,1.4531265e-13,6
170,3.3354802e-15,1.4495072e-14,1.4531265e-13,6
171,3.3354802e-15,1.4495072e-14,1.4531265e-13,6
172,3.3354802e-15,1.4495072e-14,1.4531265e-13,6
173,3.3354802e-15,1.4495072e-14,1.4531265e-13,6
174,3.3354802e-15,1.4495072e-14,1.4531265e-13,6
175,3.3354802e-15,1.4495072e-14,1.4531265e-13,6
176,3.3354802e-15,1.4495072e-14,1.4531265e-13,6
177,3.3354802e-15,1.4495072e-14,1.4531265e-13,6
178,3.3354802e-15,1.4495072e-14,1.4531265e-13,6
179,3.3354802e-15,1.4495072e-14,1.4531265e-13,6
180,3.3354802e-15,1.4495072e-14,1.4531265e-13,6
181,3.3354802e-15,1.4495072e-14,1.4531265e-13,6
182,3.3354802e-15,1.4495072e-14,1.4531265e-13,6
183,3.3354802e-15,1.4495072e-14,1.4531265e-13,6
184,3.3354802e-15,1.4495072e-14,1.4531265e-13,6
185,3.3354802e-15,1.4495072e-14,1.4531265e-13,6
186,3.3354802e-15,1.4495072e-14,1.4531265e-13,6
187,3.3354802e-15,1.4495072e-14,1.4531265e-13,6
188,3.3354802e-15,1.4495072e-14,1.4531265e-13,6
189,3.3354802e-15,1.4495072e-14,1.4531265e-13,6
190,3.3354802e-15,1.4495072e-14,1.4531265e-13,6
191,3.3354802e-15,1.4495072e-14,1.4531265e-13,6
192,3.3354802e-15,1.4495072e-14,1.4531265e-13,6
193,3.3354802e-15,1.4495072e-14,1.4531265e-13,6
194,3.3354802e-15,1.4495072e-14,1.4531265e-13,6
195,3.3354802e-15,1.4495072e-14,1.4531265e-13,6
196,3.3354802e-15,1.4495072e-14,1.4531265e-13,6
197,3.3354802e-15,1.4495072e-14,1.4531265e-13,6
198,3.3354802e-15,1.4495072e-14,1.4531265e-13,6
199,3.3354802e-15,1.4495072e-14,1.4531265e-13,6
0,5.642191,0.5200635,2.2268968,7
1,10.634802,0.5200635,28.57762,7
2,5.109361,0.84916115,17.894228,7
3,2.723138,0.63407063,14.0665865,7
4,0.23263507,0.22349614,1.0440946,7
5,0.02489623,0.019217918,0.15636125,7
6,0.002709402,0.0030298945,0.019712621,7
7,0.00096123957,0.00036274723,0.0066449214,7
8,0.00013763105,0.00010851494,0.0009839977,7
9,8.071011e-06,1.410878e-05,5.9587226e-05,7
10,2.832994e-07,7.2576506e-07,1.9183626e-06,7
11,3.5737195e-08,4.3767386e-08,1.7939581e-07,7
12,5.3292446e-09,7.64718e-09,3.09034e-08,7
13,4.5245344e-10,8.909815e-10,2.9945777e-09,7
14,1.3557306e-11,6.0967814e-11,1.0706046e-10,7
15,1.3405495e-12,1.4261425e-12,8.696333e-12,7
16,4.0179826e-12,3.163293e-13,2.7049935e-11,7
17,5.74802e-13,7.936383e-13,6.0428815e-12,7
18,9.364845e-13,9.746787e-14,8.616751e-12,7
19,6.960347e-13,1.7882951e-13,6.4339645e-12,7
20,4.848776e-13,1.3674045e-13,4.951488e-12,7
21,7.083292e-13,1.2712998e-13,7.774332e-12,7
22,5.2375134e-13,1.4667052e-13,5.1890935e-12,7
23,4.837945e-13,1.1837151e-13,5.2152414e-12,7
24,4.839386e-13,1.2414198e-13,5.2152414e-12,7
25,4.846884e-13,1.2146543e-13,5.2152414e-12,7
26,4.846884e-13,1.2135476e-13,5.2152414e-12,7
27,4.846884e-13,1.2135476e-13,5.2152414e-12,7
28,4.846884e-13,1.2135476e-13,5.2152414e-12,7
29,4.846884e-13,1.2135476e-13,5.2152414e-12,7
30,4.846884e-13,1.2135476e-13,5.2152414e-12,7
31,4.846884e-13,1.2135476e-13,5.2152414e-12,7
32,4.846884e-13,1.2135476e-13,5.2152414e-12,7
33,4.846884e-13,1.2135476e-13,5.2152414e-12,7
34,4.846884e-13,1.2135476e-13,5.2152414e-12,7
35,4.846884e-13,1.2135476e-13,5.2152414e-12,7
36,4.846884e-13,1.2135476e-13,5.2152414e-12,7
37,4.846884e-13,1.2135476e-13,5.2152414e-12,7
38,4.846884e-13,1.2135476e-13,5.2152414e-12,7
39,4.846884e-13,1.2135476e-13,5.2152414e-12,7
40,4.846884e-13,1.2135476e-13,5.2152414e-12,7
41,4.846884e-13,1.2135476e-13,5.2152414e-12,7
42,4.846884e-13,1.2135476e-13,5.2152414e-12,7
43,4.846884e-13,1.2135476e-13,5.2152414e-12,7
44,4.846884e-13,1.2135476e-13,5.2152414e-12,7
45,4.846884e-13,1.2135476e-13,5.2152414e-12,7
46,4.846884e-13,1.2135476e-13,5.2152414e-12,7
47,4.846884e-13,1.2135476e-13,5.2152414e-12,7
48,4.846884e-13,1.2135476e-13,5.2152414e-12,7
49,4.846884e-13,1.2135476e-13,5.2152414e-12,7
50,4.846884e-13,1.2135476e-13,5.2152414e-12,7
51,4.846884e-13,1.2135476e-13,5.2152414e-12,7
52,4.846884e-13,1.2135476e-13,5.2152414e-12,7
53,4.846884e-13,1.2135476e-13,5.2152414e-12,7
54,4.846884e-13,1.2135476e-13,5.2152414e-12,7
55,4.846884e-13,1.2135476e-13,5.2152414e-12,7
56,4.846884e-13,1.2135476e-13,5.2152414e-12,7
57,4.846884e-13,1.2135476e-13,5.2152414e-12,7
58,4.846884e-13,1.2135476e-13,5.2152414e-12,7
59,4.846884e-13,1.2135476e-13,5.2152414e-12,7
60,4.846884e-13,1.2135476e-13,5.2152414e-12,7
61,4.846884e-13,1.2135476e-13,5.2152414e-12,7
62,4.846884e-13,1.2135476e-13,5.2152414e-12,7
63,4.846884e-13,1.2135476e-13,5.2152414e-12,7
64,4.846884e-13,1.2135476e-13,5.2152414e-12,7
65,4.846884e-13,1.2135476e-13,5.2152414e-12,7
66,4.846884e-13,1.2135476e-13,5.2152414e-12,7
67,4.846884e-13,1.2135476e-13,5.2152414e-12,7
68,4.846884e-13,1.2135476e-13,5.2152414e-12,7
69,4.846884e-13,1.2135476e-13,5.2152414e-12,7
70,4.846884e-13,1.2135476e-13,5.2152414e-12,7
71,4.846884e-13,1.2135476e-13,5.2152414e-12,7
72,4.846884e-13,1.2135476e-13,5.2152414e-12,7
73,4.846884e-13,1.2135476e-13,5.2152414e-12,7
74,4.846884e-13,1.2135476e-13,5.2152414e-12,7
75,4.846884e-13,1.2135476e-13,5.2152414e-12,7
76,4.846884e-13,1.2135476e-13,5.2152414e-12,7
77,4.846884e-13,1.2135476e-13,5.2152414e-12,7
78,4.846884e-13,1.2135476e-13,5.2152414e-12,7
79,4.846884e-13,1.2135476e-13,5.2152414e-12,7
80,4.846884e-13,1.2135476e-13,5.2152414e-12,7
81,4.846884e-13,1.2135476e-13,5.2152414e-12,7
82,4.846884e-13,1.2135476e-13,5.2152414e-12,7
83,4.846884e-13,1.2135476e-13,5.2152414e-12,7
84,4.846884e-13,1.2135476e-13,5.2152414e-12,7
85,4.846884e-13,1.2135476e-13,5.2152414e-12,7
86,4.846884e-13,1.2135476e-13,5.2152414e-12,7
87,4.846884e-13,1.2135476e-13,5.2152414e-12,7
88,4.846884e-13,1.2135476e-13,5.2152414e-12,7
89,4.846884e-13,1.2135476e-13,5.2152414e-12,7
90,4.846884e-13,1.2135476e-13,5.2152414e-12,7
91,4.846884e-13,1.2135476e-13,5.2152414e-12,7
92,4.846884e-13,1.2135476e-13,5.2152414e-12,7
93,4.846884e-13,1.2135476e-13,5.2152414e-12,7
94,4.846884e-13,1.2135476e-13,5.2152414e-12,7
95,4.846884e-13,1.2135476e-13,5.2152414e-12,7
96,4.846884e-13,1.2135476e-13,5.2152414e-12,7
97,4.846884e-13,1.2135476e-13,5.2152414e-12,7
98,4.846884e-13,1.2135476e-13,5.2152414e-12,7
99,4.846884e-13,1.2135476e-13,5.2152414e-12,7
100,4.846884e-13,1.2135476e-13,5.2152414e-12,7
101,4.846884e-13,1.2135476e-13,5.2152414e-12,7
102,4.846884e-13,1.2135476e-13,5.2152414e-12,7
103,4.846884e-13,1.2135476e-13,5.2152414e-12,7
104,4.846884e-13,1.2135476e-13,5.2152414e-12,7
105,4.846884e-13,1.2135476e-13,5.2152414e-12,7
106,4.846884e-13,1.2135476e-13,5.2152414e-12,7
107,4.846884e-13,1.2135476e-13,5.2152414e-12,7
108,4.846884e-13,1.2135476e-13,5.2152414e-12,7
109,4.846884e-13,1.2135476e-13,5.2152414e-12,7
110,4.846884e-13,1.2135476e-13,5.2152414e-12,7
111,4.846884e-13,1.2135476e-13,5.2152414e-12,7
112,4.846884e-13,1.2135476e-13,5.2152414e-12,7
113,4.846884e-13,1.2135476e-13,5.2152414e-12,7
114,4.846884e-13,1.2135476e-13,5.2152414e-12,7
115,4.846884e-13,1.2135476e-13,5.2152414e-12,7
116,4.846884e-13,1.2135476e-13,5.2152414e-12,7
117,4.846884e-13,1.2135476e-13,5.2152414e-12,7
118,4.846884e-13,1.2135476e-13,5.2152414e-12,7
119,4.846884e-13,1.2135476e-13,5.2152414e-12,7
120,4.846884e-13,1.2135476e-13,5.2152414e-12,7
121,4.846884e-13,1.2135476e-13,5.2152414e-12,7
122,4.846884e-13,1.2135476e-13,5.2152414e-12,7
123,4.846884e-13,1.2135476e-13,5.2152414e-12,7
124,4.846884e-13,1.2135476e-13,5.2152414e-12,7
125,4.846884e-13,1.2135476e-13,5.2152414e-12,7
126,4.846884e-13,1.2135476e-13,5.2152414e-12,7
127,4.846884e-13,1.2135476e-13,5.2152414e-12,7
128,4.846884e-13,1.2135476e-13,5.2152414e-12,7
129,4.846884e-13,1.2135476e-13,5.2152414e-12,7
130,4.846884e-13,1.2135476e-13,5.2152414e-12,7
131,4.846884e-13,1.2135476e-13,5.2152414e-12,7
132,4.846884e-13,1.2135476e-13,5.2152414e-12,7
133,4.846884e-13,1.2135476e-13,5.2152414e-12,7
134,4.846884e-13,1.2135476e-13,5.2152414e-12,7
135,4.846884e-13,1.2135476e-13,5.2152414e-12,7
136,4.846884e-13,1.2135476e-13,5.2152414e-12,7
137,4.846884e-13,1.2135476e-13,5.2152414e-12,7
138,4.846884e-13,1.2135476e-13,5.2152414e-12,7
139,4.846884e-13,1.2135476e-13,5.2152414e-12,7
140,4.846884e-13,1.2135476e-13,5.2152414e-12,7
141,4.846884e-13,1.2135476e-13,5.2152414e-12,7
142,4.846884e-13,1.2135476e-13,5.2152414e-12,7
143,4.846884e-13,1.2135476e-13,5.2152414e-12,7
144,4.846884e-13,1.2135476e-13,5.2152414e-12,7
145,4.846884e-13,1.2135476e-13,5.2152414e-12,7
146,4.846884e-13,1.2135476e-13,5.2152414e-12,7
147,4.846884e-13,1.2135476e-13,5.2152414e-12,7
148,4.846884e-13,1.2135476e-13,5.2152414e-12,7
149,4.846884e-13,1.2135476e-13,5.2152414e-12,7
150,4.846884e-13,1.2135476e-13,5.2152414e-12,7
151,4.846884e-13,1.2135476e-13,5.2152414e-12,7
152,4.846884e-13,1.2135476e-13,5.2152414e-12,7
153,4.846884e-13,1.2135476e-13,5.2152414e-12,7
154,4.846884e-13,1.2135476e-13,5.2152414e-12,7
155,4.846884e-13,1.2135476e-13,5.2152414e-12,7
156,4.846884e-13,1.2135476e-13,5.2152414e-12,7
157,4.846884e-13,1.2135476e-13,5.2152414e-12,7
158,4.846884e-13,1.2135476e-13,5.2152414e-12,7
159,4.846884e-13,1.2135476e-13,5.2152414e-12,7
160,4.846884e-13,1.2135476e-13,5.2152414e-12,7
161,4.846884e-13,1.2135476e-13,5.2152414e-12,7
162,4.846884e-13,1.2135476e-13,5.2152414e-12,7
163,4.846884e-13,1.2135476e-13,5.2152414e-12,7
164,4.846884e-13,1.2135476e-13,5.2152414e-12,7
165,4.846884e-13,1.2135476e-13,5.2152414e-12,7
166,4.846884e-13,1.2135476e-13,5.2152414e-12,7
167,4.846884e-13,1.2135476e-13,5.2152414e-12,7
168,4.846884e-13,1.2135476e-13,5.2152414e-12,7
169,4.846884e-13,1.2135476e-13,5.2152414e-12,7
170,4.846884e-13,1.2135476e-13,5.2152414e-12,7
171,4.846884e-13,1.2135476e-13,5.2152414e-12,7
172,4.846884e-13,1.2135476e-13,5.2152414e-12,7
173,4.846884e-13,1.2135476e-13,5.2152414e-12,7
174,4.846884e-13,1.2135476e-13,5.2152414e-12,7
175,4.846884e-13,1.2135476e-13,5.2152414e-12,7
176,4.846884e-13,1.2135476e-13,5.2152414e-12,7
177,4.846884e-13,1.2135476e-13,5.2152414e-12,7
178,4.846884e-13,1.2135476e-13,5.2152414e-12,7
179,4.846884e-13,1.2135476e-13,5.2152414e-12,7
180,4.846884e-13,1.2135476e-13,5.2152414e-12,7
181,4.846884e-13,1.2135476e-13,5.2152414e-12,7
182,4.846884e-13,1.2135476e-13,5.2152414e-12,7
183,4.846884e-13,1.2135476e-13,5.2152414e-12,7
184,4.846884e-13,1.2135476e-13,5.2152414e-12,7
185,4.846884e-13,1.2135476e-13,5.2152414e-12,7
186,4.846884e-13,1.2135476e-13,5.2152414e-12,7
187,4.846884e-13,1.2135476e-13,5.2152414e-12,7
188,4.846884e-13,1.2135476e-13,5.2152414e-12,7
189,4.846884e-13,1.2135476e-13,5.2152414e-12,7
190,4.846884e-13,1.2135476e-13,5.2152414e-12,7
191,4.846884e-13,1.2135476e-13,5.2152414e-12,7
192,4.846884e-13,1.2135476e-13,5.2152414e-12,7
193,4.846884e-13,1.2135476e-13,5.2152414e-12,7
194,4.846884e-13,1.2135476e-13,5.2152414e-12,7
195,4.846884e-13,1.2135476e-13,5.2152414e-12,7
196,4.846884e-13,1.2135476e-13,5.2152414e-12,7
197,4.846884e-13,1.2135476e-13,5.2152414e-12,7
198,4.846884e-13,1.2135476e-13,5.2152414e-12,7
199,4.846884e-13,1.2135476e-13,5.2152414e-12,7
0,18.960882,2.7042115,12.805028,8
1,4.8273525,2.7042115,19.445412,8
2,4.6663275,0.41756746,16.427408,8
3,0.36053118,0.554671,2.545297,8
4,0.0055115647,0.056375246,0.064649664,8
5,3.2116368e-05,0.00036270343,0.00014308191,8
6,9.119154e-06,8.050233e-06,4.626694e-05,8
7,1.9098472e-06,1.7695469e-06,1.281722e-05,8
8,2.1930498e-07,2.749731e-07,1.7701798e-06,8
9,2.0822485e-08,2.577371e-08,1.7300324e-07,8
10,1.4384833e-09,2.7686262e-09,9.528245e-09,8
11,8.821991e-11,2.7892158e-10,3.767789e-10,8
12,4.6256133e-12,2.134806e-11,1.5172929e-11,8
13,2.2271957e-13,1.0739675e-12,2.7867485e-12,8
14,5.6171414e-13,3.9376278e-14,3.4484058e-12,8
15,4.3257834e-14,1.2204015e-13,6.6080474e-13,8
16,8.541892e-14,1.00630614e-14,7.9154456e-13,8
17,9.213651e-14,2.0493606e-14,7.9154456e-13,8
18,9.213651e-14,2.1468382e-14,7.9154456e-13,8
19,9.213651e-14,2.1468382e-14,7.9154456e-13,8
20,9.213651e-14,2.1468382e-14,7.9154456e-13,8
21,9.213651e-14,2.1468382e-14,7.9154456e-13,8
22,9.213651e-14,2.1468382e-14,7.9154456e-13,8
23,9.213651e-14,2.1468382e-14,7.9154456e-13,8
24,9.213651e-14,2.1468382e-14,7.9154456e-13,8
25,9.213651e-14,2.1468382e-14,7.9154456e-13,8
26,9.213651e-14,2.1468382e-14,7.9154456e-13,8
27,9.213651e-14,2.1468382e-14,7.9154456e-13,8
28,9.213651e-14,2.1468382e-14,7.9154456e-13,8
29,9.213651e-14,2.1468382e-14,7.9154456e-13,8
30,9.213651e-14,2.1468382e-14,7.9154456e-13,8
31,9.213651e-14,2.1468382e-14,7.9154456e-13,8
32,9.213651e-14,2.1468382e-14,7.9154456e-13,8
33,9.213651e-14,2.1468382e-14,7.9154456e-13,8
34,9.213651e-14,2.1468382e-14,7.9154456e-13,8
35,9.213651e-14,2.1468382e-14,7.9154456e-13,8
36,9.213651e-14,2.1468382e-14,7.9154456e-13,8
37,9.213651e-14,2.1468382e-14,7.9154456e-13,8
38,9.213651e-14,2.1468382e-14,7.9154456e-13,8
39,9.213651e-14,2.1468382e-14,7.9154456e-13,8
40,9.213651e-14,2.1468382e-14,7.9154456e-13,8
41,9.213651e-14,2.1468382e-14,7.9154456e-13,8
42,9.213651e-14,2.1468382e-14,7.9154456e-13,8
43,9.213651e-14,2.1468382e-14,7.9154456e-13,8
44,9.213651e-14,2.1468382e-14,7.9154456e-13,8
45,9.213651e-14,2.1468382e-14,7.9154456e-13,8
46,9.213651e-14,2.1468382e-14,7.9154456e-13,8
47,9.213651e-14,2.1468382e-14,7.9154456e-13,8
48,9.213651e-14,2.1468382e-14,7.9154456e-13,8
49,9.213651e-14,2.1468382e-14,7.9154456e-13,8
50,9.213651e-14,2.1468382e-14,7.9154456e-13,8
51,9.213651e-14,2.1468382e-14,7.9154456e-13,8
52,9.213651e-14,2.1468382e-14,7.9154456e-13,8
53,9.213651e-14,2.1468382e-14,7.9154456e-13,8
54,9.213651e-14,2.1468382e-14,7.9154456e-13,8
55,9.213651e-14,2.1468382e-14,7.9154456e-13,8
56,9.213651e-14,2.1468382e-14,7.9154456e-13,8
57,9.213651e-14,2.1468382e-14,7.9154456e-13,8
58,9.213651e-14,2.1468382e-14,7.9154456e-13,8
59,9.213651e-14,2.1468382e-14,7.9154456e-13,8
60,9.213651e-14,2.1468382e-14,7.9154456e-13,8
61,9.213651e-14,2.1468382e-14,7.9154456e-13,8
62,9.213651e-14,2.1468382e-14,7.9154456e-13,8
63,9.213651e-14,2.1468382e-14,7.9154456e-13,8
64,9.213651e-14,2.1468382e-14,7.9154456e-13,8
65,9.213651e-14,2.1468382e-14,7.9154456e-13,8
66,9.213651e-14,2.1468382e-14,7.9154456e-13,8
67,9.213651e-14,2.1468382e-14,7.9154456e-13,8
68,9.213651e-14,2.1468382e-14,7.9154456e-13,8
69,9.213651e-14,2.1468382e-14,7.9154456e-13,8
70,9.213651e-14,2.1468382e-14,7.9154456e-13,8
71,9.213651e-14,2.1468382e-14,7.9154456e-13,8
72,9.213651e-14,2.1468382e-14,7.9154456e-13,8
73,9.213651e-14,2.1468382e-14,7.9154456e-13,8
74,9.213651e-14,2.1468382e-14,7.9154456e-13,8
75,9.213651e-14,2.1468382e-14,7.9154456e-13,8
76,9.213651e-14,2.1468382e-14,7.9154456e-13,8
77,9.213651e-14,2.1468382e-14,7.9154456e-13,8
78,9.213651e-14,2.1468382e-14,7.9154456e-13,8
79,9.213651e-14,2.1468382e-14,7.9154456e-13,8
80,9.213651e-14,2.1468382e-14,7.9154456e-13,8
81,9.213651e-14,2.1468382e-14,7.9154456e-13,8
82,9.213651e-14,2.1468382e-14,7.9154456e-13,8
83,9.213651e-14,2.1468382e-14,7.9154456e-13,8
84,9.213651e-14,2.1468382e-14,7.9154456e-13,8
85,9.213651e-14,2.1468382e-14,7.9154456e-13,8
86,9.213651e-14,2.1468382e-14,7.9154456e-13,8
87,9.213651e-14,2.1468382e-14,7.9154456e-13,8
88,9.213651e-14,2.1468382e-14,7.9154456e-13,8
89,9.213651e-14,2.1468382e-14,7.9154456e-13,8
90,9.213651e-14,2.1468382e-14,7.9154456e-13,8
91,9.213651e-14,2.1468382e-14,7.9154456e-13,8
92,9.213651e-14,2.1468382e-14,7.9154456e-13,8
93,9.213651e-14,2.1468382e-14,7.9154456e-13,8
94,9.213651e-14,2.1468382e-14,7.9154456e-13,8
95,9.213651e-14,2.1468382e-14,7.9154456e-13,8
96,9.213651e-14,2.1468382e-14,7.9154456e-13,8
97,9.213651e-14,2.1468382e-14,7.9154456e-13,8
98,9.213651e-14,2.1468382e-14,7.9154456e-13,8
99,9.213651e-14,2.1468382e-14,7.9154456e-13,8
100,9.213651e-14,2.1468382e-14,7.9154456e-13,8
101,9.213651e-14,2.1468382e-14,7.9154456e-13,8
102,9.213651e-14,2.1468382e-14,7.9154456e-13,8
103,9.213651e-14,2.1468382e-14,7.9154456e-13,8
104,9.213651e-14,2.1468382e-14,7.9154456e-13,8
105,9.213651e-14,2.1468382e-14,7.9154456e-13,8
106,9.213651e-14,2.1468382e-14,7.9154456e-13,8
107,9.213651e-14,2.1468382e-14,7.9154456e-13,8
108,9.213651e-14,2.1468382e-14,7.9154456e-13,8
109,9.213651e-14,2.1468382e-14,7.9154456e-13,8
110,9.213651e-14,2.1468382e-14,7.9154456e-13,8
111,9.213651e-14,2.1468382e-14,7.9154456e-13,8
112,9.213651e-14,2.1468382e-14,7.9154456e-13,8
113,9.213651e-14,2.1468382e-14,7.9154456e-13,8
114,9.213651e-14,2.1468382e-14,7.9154456e-13,8
115,9.213651e-14,2.1468382e-14,7.9154456e-13,8
116,9.213651e-14,2.1468382e-14,7.9154456e-13,8
117,9.213651e-14,2.1468382e-14,7.9154456e-13,8
118,9.213651e-14,2.1468382e-14,7.9154456e-13,8
119,9.213651e-14,2.1468382e-14,7.9154456e-13,8
120,9.213651e-14,2.1468382e-14,7.9154456e-13,8
121,9.213651e-14,2.1468382e-14,7.9154456e-13,8
122,9.213651e-14,2.1468382e-14,7.9154456e-13,8
123,9.213651e-14,2.1468382e-14,7.9154456e-13,8
124,9.213651e-14,2.1468382e-14,7.9154456e-13,8
125,9.213651e-14,2.1468382e-14,7.9154456e-13,8
126,9.213651e-14,2.1468382e-14,7.9154456e-13,8
127,9.213651e-14,2.1468382e-14,7.9154456e-13,8
128,9.213651e-14,2.1468382e-14,7.9154456e-13,8
129,9.213651e-14,2.1468382e-14,7.9154456e-13,8
130,9.213651e-14,2.1468382e-14,7.9154456e-13,8
131,9.213651e-14,2.1468382e-14,7.9154456e-13,8
132,9.213651e-14,2.1468382e-14,7.9154456e-13,8
133,9.213651e-14,2.1468382e-14,7.9154456e-13,8
134,9.213651e-14,2.1468382e-14,7.9154456e-13,8
135,9.213651e-14,2.1468382e-14,7.9154456e-13,8
136,9.213651e-14,2.1468382e-14,7.9154456e-13,8
137,9.213651e-14,2.1468382e-14,7.9154456e-13,8
138,9.213651e-14,2.1468382e-14,7.9154456e-13,8
139,9.213651e-14,2.1468382e-14,7.9154456e-13,8
140,9.213651e-14,2.1468382e-14,7.9154456e-13,8
141,9.213651e-14,2.1468382e-14,7.9154456e-13,8
142,9.213651e-14,2.1468382e-14,7.9154456e-13,8
143,9.213651e-14,2.1468382e-14,7.9154456e-13,8
144,9.213651e-14,2.1468382e-14,7.9154456e-13,8
145,9.213651e-14,2.1468382e-14,7.9154456e-13,8
146,9.213651e-14,2.1468382e-14,7.9154456e-13,8
147,9.213651e-14,2.1468382e-14,7.9154456e-13,8
148,9.213651e-14,2.1468382e-14,7.9154456e-13,8
149,9.213651e-14,2.1468382e-14,7.9154456e-13,8
150,9.213651e-14,2.1468382e-14,7.9154456e-13,8
151,9.213651e-14,2.1468382e-14,7.9154456e-13,8
152,9.213651e-14,2.1468382e-14,7.9154456e-13,8
153,9.213651e-14,2.1468382e-14,7.9154456e-13,8
154,9.213651e-14,2.1468382e-14,7.9154456e-13,8
155,9.213651e-14,2.1468382e-14,7.9154456e-13,8
156,9.213651e-14,2.1468382e-14,7.9154456e-13,8
157,9.213651e-14,2.1468382e-14,7.9154456e-13,8
158,9.213651e-14,2.1468382e-14,7.9154456e-13,8
159,9.213651e-14,2.1468382e-14,7.9154456e-13,8
160,9.213651e-14,2.1468382e-14,7.9154456e-13,8
161,9.213651e-14,2.1468382e-14,7.9154456e-13,8
162,9.213651e-14,2.1468382e-14,7.9154456e-13,8
163,9.213651e-14,2.1468382e-14,7.9154456e-13,8
164,9.213651e-14,2.1468382e-14,7.9154456e-13,8
165,9.213651e-14,2.1468382e-14,7.9154456e-13,8
166,9.213651e-14,2.1468382e-14,7.9154456e-13,8
167,9.213651e-14,2.1468382e-14,7.9154456e-13,8
168,9.213651e-14,2.1468382e-14,7.9154456e-13,8
169,9.213651e-14,2.1468382e-14,7.9154456e-13,8
170,9.213651e-14,2.1468382e-14,7.9154456e-13,8
171,9.213651e-14,2.1468382e-14,7.9154456e-13,8
172,9.213651e-14,2.1468382e-14,7.9154456e-13,8
173,9.213651e-14,2.1468382e-14,7.9154456e-13,8
174,9.213651e-14,2.1468382e-14,7.9154456e-13,8
175,9.213651e-14,2.1468382e-14,7.9154456e-13,8
176,9.213651e-14,2.1468382e-14,7.9154456e-13,8
177,9.213651e-14,2.1468382e-14,7.9154456e-13,8
178,9.213651e-14,2.1468382e-14,7.9154456e-13,8
179,9.213651e-14,2.1468382e-14,7.9154456e-13,8
180,9.213651e-14,2.1468382e-14,7.9154456e-13,8
181,9.213651e-14,2.1468382e-14,7.9154456e-13,8
182,9.213651e-14,2.1468382e-14,7.9154456e-13,8
183,9.213651e-14,2.1468382e-14,7.9154456e-13,8
184,9.213651e-14,2.1468382e-14,7.9154456e-13,8
185,9.213651e-14,2.1468382e-14,7.9154456e-13,8
186,9.213651e-14,2.1468382e-14,7.9154456e-13,8
187,9.213651e-14,2.1468382e-14,7.9154456e-13,8
188,9.213651e-14,2.1468382e-14,7.9154456e-13,8
189,9.213651e-14,2.1468382e-14,7.9154456e-13,8
190,9.213651e-14,2.1468382e-14,7.9154456e-13,8
191,9.213651e-14,2.1468382e-14,7.9154456e-13,8
192,9.213651e-14,2.1468382e-14,7.9154456e-13,8
193,9.213651e-14,2.1468382e-14,7.9154456e-13,8
194,9.213651e-14,2.1468382e-14,7.9154456e-13,8
195,9.213651e-14,2.1468382e-14,7.9154456e-13,8
196,9.213651e-14,2.1468382e-14,7.9154456e-13,8
197,9.213651e-14,2.1468382e-14,7.9154456e-13,8
198,9.213651e-14,2.1468382e-14,7.9154456e-13,8
199,9.213651e-14,2.1468382e-14,7.9154456e-13,8
0,5.6605883,1.114819,22.755257,9
1,1.5419409,1.114819,29.040766,9
2,0.03583557,0.23974575,0.8835963,9
3,0.00025020697,0.006290717,0.0069582,9
4,7.1430586e-06,3.976195e-05,0.0001965464,9
5,9.6460695e-08,1.1646233e-06,2.6380917e-06,9
6,7.1259904e-10,1.5812583e-08,1.9290377e-08,9
7,4.987129e-12,1.14125896e-10,1.5920569e-10,9
8,5.933772e-15,1.0880585e-12,1.3280044e-13,9
9,9.88329e-14,2.0752289e-14,1.4109247e-12,9
10,9.88329e-14,3.7521096e-14,1.4109247e-12,9
11,9.88329e-14,3.7521096e-14,1.4109247e-12,9
12,9.88329e-14,3.7521096e-14,1.4109247e-12,9
13,9.88329e-14,3.7521096e-14,1.4109247e-12,9
14,9.88329e-14,3.7521096e-14,1.4109247e-12,9
15,9.88329e-14,3.7521096e-14,1.4109247e-12,9
16,9.88329e-14,3.7521096e-14,1.4109247e-12,9
17,9.88329e-14,3.7521096e-14,1.4109247e-12,9
18,9.88329e-14,3.7521096e-14,1.4109247e-12,9
19,9.88329e-14,3.7521096e-14,1.4109247e-12,9
20,9.88329e-14,3.7521096e-14,1.4109247e-12,9
21,9.88329e-14,3.7521096e-14,1.4109247e-12,9
22,9.88329e-14,3.7521096e-14,1.4109247e-12,9
23,9.88329e-14,3.7521096e-14,1.4109247e-12,9
24,9.88329e-14,3.7521096e-14,1.4109247e-12,9
25,9.88329e-14,3.7521096e-14,1.4109247e-12,9
26,9.88329e-14,3.7521096e-14,1.4109247e-12,9
27,9.88329e-14,3.7521096e-14,1.4109247e-12,9
28,9.88329e-14,3.7521096e-14,1.4109247e-12,9
29,9.88329e-14,3.7521096e-14,1.4109247e-12,9
30,9.88329e-14,3.7521096e-14,1.4109247e-12,9
31,9.88329e-14,3.7521096e-14,1.4109247e-12,9
32,9.88329e-14,3.7521096e-14,1.4109247e-12,9
33,9.88329e-14,3.7521096e-14,1.4109247e-12,9
34,9.88329e-14,3.7521096e-14,1.4109247e-12,9
35,9.88329e-14,3.7521096e-14,1.4109247e-12,9
36,9.88329e-14,3.7521096e-14,1.4109247e-12,9
37,9.88329e-14,3.7521096e-14,1.4109247e-12,9
38,9.88329e-14,3.7521096e-14,1.4109247e-12,9
39,9.88329e-14,3.7521096e-14,1.4109247e-12,9
40,9.88329e-14,3.7521096e-14,1.4109247e-12,9
41,9.88329e-14,3.7521096e-14,1.4109247e-12,9
42,9.88329e-14,3.7521096e-14,1.4109247e-12,9
43,9.88329e-14,3.7521096e-14,1.4109247e-12,9
44,9.88329e-14,3.7521096e-14,1.4109247e-12,9
45,9.88329e-14,3.7521096e-14,1.4109247e-12,9
46,9.88329e-14,3.7521096e-14,1.4109247e-12,9
47,9.88329e-14,3.7521096e-14,1.4109247e-12,9
48,9.88329e-14,3.7521096e-14,1.4109247e-12,9
49,9.88329e-14,3.7521096e-14,1.4109247e-12,9
50,9.88329e-14,3.7521096e-14,1.4109247e-12,9
51,9.88329e-14,3.7521096e-14,1.4109247e-12,9
52,9.88329e-14,3.7521096e-14,1.4109247e-12,9
53,9.88329e-14,3.7521096e-14,1.4109247e-12,9
54,9.88329e-14,3.7521096e-14,1.4109247e-12,9
55,9.88329e-14,3.7521096e-14,1.4109247e-12,9
56,9.88329e-14,3.7521096e-14,1.4109247e-12,9
57,9.88329e-14,3.7521096e-14,1.4109247e-12,9
58,9.88329e-14,3.7521096e-14,1.4109247e-12,9
59,9.88329e-14,3.7521096e-14,1.4109247e-12,9
60,9.88329e-14,3.7521096e-14,1.4109247e-12,9
61,9.88329e-14,3.7521096e-14,1.4109247e-12,9
62,9.88329e-14,3.7521096e-14,1.4109247e-12,9
63,9.88329e-14,3.7521096e-14,1.4109247e-12,9
64,9.88329e-14,3.7521096e-14,1.4109247e-12,9
65,9.88329e-14,3.7521096e-14,1.4109247e-12,9
66,9.88329e-14,3.7521096e-14,1.4109247e-12,9
67,9.88329e-14,3.7521096e-14,1.4109247e-12,9
68,9.88329e-14,3.7521096e-14,1.4109247e-12,9
69,9.88329e-14,3.7521096e-14,1.4109247e-12,9
70,9.88329e-14,3.7521096e-14,1.4109247e-12,9
71,9.88329e-14,3.7521096e-14,1.4109247e-12,9
72,9.88329e-14,3.7521096e-14,1.4109247e-12,9
73,9.88329e-14,3.7521096e-14,1.4109247e-12,9
74,9.88329e-14,3.7521096e-14,1.4109247e-12,9
75,9.88329e-14,3.7521096e-14,1.4109247e-12,9
76,9.88329e-14,3.7521096e-14,1.4109247e-12,9
77,9.88329e-14,3.7521096e-14,1.4109247e-12,9
78,9.88329e-14,3.7521096e-14,1.4109247e-12,9
79,9.88329e-14,3.7521096e-14,1.4109247e-12,9
80,9.88329e-14,3.7521096e-14,1.4109247e-12,9
81,9.88329e-14,3.7521096e-14,1.4109247e-12,9
82,9.88329e-14,3.7521096e-14,1.4109247e-12,9
83,9.88329e-14,3.7521096e-14,1.4109247e-12,9
84,9.88329e-14,3.7521096e-14,1.4109247e-12,9
85,9.88329e-14,3.7521096e-14,1.4109247e-12,9
86,9.88329e-14,3.7521096e-14,1.4109247e-12,9
87,9.88329e-14,3.7521096e-14,1.4109247e-12,9
88,9.88329e-14,3.7521096e-14,1.4109247e-12,9
89,9.88329e-14,3.7521096e-14,1.4109247e-12,9
90,9.88329e-14,3.7521096e-14,1.4109247e-12,9
91,9.88329e-14,3.7521096e-14,1.4109247e-12,9
92,9.88329e-14,3.7521096e-14,1.4109247e-12,9
93,9.88329e-14,3.7521096e-14,1.4109247e-12,9
94,9.88329e-14,3.7521096e-14,1.4109247e-12,9
95,9.88329e-14,3.7521096e-14,1.4109247e-12,9
96,9.88329e-14,3.7521096e-14,1.4109247e-12,9
97,9.88329e-14,3.7521096e-14,1.4109247e-12,9
98,9.88329e-14,3.7521096e-14,1.4109247e-12,9
99,9.88329e-14,3.7521096e-14,1.4109247e-12,9
100,9.88329e-14,3.7521096e-14,1.4109247e-12,9
101,9.88329e-14,3.7521096e-14,1.4109247e-12,9
102,9.88329e-14,3.7521096e-14,1.4109247e-12,9
103,9.88329e-14,3.7521096e-14,1.4109247e-12,9
104,9.88329e-14,3.7521096e-14,1.4109247e-12,9
105,9.88329e-14,3.7521096e-14,1.4109247e-12,9
106,9.88329e-14,3.7521096e-14,1.4109247e-12,9
107,9.88329e-14,3.7521096e-14,1.4109247e-12,9
108,9.88329e-14,3.7521096e-14,1.4109247e-12,9
109,9.88329e-14,3.7521096e-14,1.4109247e-12,9
110,9.88329e-14,3.7521096e-14,1.4109247e-12,9
111,9.88329e-14,3.7521096e-14,1.4109247e-12,9
112,9.88329e-14,3.7521096e-14,1.4109247e-12,9
113,9.88329e-14,3.7521096e-14,1.4109247e-12,9
114,9.88329e-14,3.7521096e-14,1.4109247e-12,9
115,9.88329e-14,3.7521096e-14,1.4109247e-12,9
116,9.88329e-14,3.7521096e-14,1.4109247e-12,9
117,9.88329e-14,3.7521096e-14,1.4109247e-12,9
118,9.88329e-14,3.7521096e-14,1.4109247e-12,9
119,9.88329e-14,3.7521096e-14,1.4109247e-12,9
120,9.88329e-14,3.7521096e-14,1.4109247e-12,9
121,9.88329e-14,3.7521096e-14,1.4109247e-12,9
122,9.88329e-14,3.7521096e-14,1.4109247e-12,9
123,9.88329e-14,3.7521096e-14,1.4109247e-12,9
124,9.88329e-14,3.7521096e-14,1.4109247e-12,9
125,9.88329e-14,3.7521096e-14,1.4109247e-12,9
126,9.88329e-14,3.7521096e-14,1.4109247e-12,9
127,9.88329e-14,3.7521096e-14,1.4109247e-12,9
128,9.88329e-14,3.7521096e-14,1.4109247e-12,9
129,9.88329e-14,3.7521096e-14,1.4109247e-12,9
130,9.88329e-14,3.7521096e-14,1.4109247e-12,9
131,9.88329e-14,3.7521096e-14,1.4109247e-12,9
132,9.88329e-14,3.7521096e-14,1.4109247e-12,9
133,9.88329e-14,3.7521096e-14,1.4109247e-12,9
134,9.88329e-14,3.7521096e-14,1.4109247e-12,9
135,9.88329e-14,3.7521096e-14,1.4109247e-12,9
136,9.88329e-14,3.7521096e-14,1.4109247e-12,9
137,9.88329e-14,3.7521096e-14,1.4109247e-12,9
138,9.88329e-14,3.7521096e-14,1.4109247e-12,9
139,9.88329e-14,3.7521096e-14,1.4109247e-12,9
140,9.88329e-14,3.7521096e-14,1.4109247e-12,9
141,9.88329e-14,3.7521096e-14,1.4109247e-12,9
142,9.88329e-14,3.7521096e-14,1.4109247e-12,9
143,9.88329e-14,3.7521096e-14,1.4109247e-12,9
144,9.88329e-14,3.7521096e-14,1.4109247e-12,9
145,9.88329e-14,3.7521096e-14,1.4109247e-12,9
146,9.88329e-14,3.7521096e-14,1.4109247e-12,9
147,9.88329e-14,3.7521096e-14,1.4109247e-12,9
148,9.88329e-14,3.7521096e-14,1.4109247e-12,9
149,9.88329e-14,3.7521096e-14,1.4109247e-12,9
150,9.88329e-14,3.7521096e-14,1.4109247e-12,9
151,9.88329e-14,3.7521096e-14,1.4109247e-12,9
152,9.88329e-14,3.7521096e-14,1.4109247e-12,9
153,9.88329e-14,3.7521096e-14,1.4109247e-12,9
154,9.88329e-14,3.7521096e-14,1.4109247e-12,9
155,9.88329e-14,3.7521096e-14,1.4109247e-12,9
156,9.88329e-14,3.7521096e-14,1.4109247e-12,9
157,9.88329e-14,3.7521096e-14,1.4109247e-12,9
158,9.88329e-14,3.7521096e-14,1.4109247e-12,9
159,9.88329e-14,3.7521096e-14,1.4109247e-12,9
160,9.88329e-14,3.7521096e-14,1.4109247e-12,9
161,9.88329e-14,3.7521096e-14,1.4109247e-12,9
162,9.88329e-14,3.7521096e-14,1.4109247e-12,9
163,9.88329e-14,3.7521096e-14,1.4109247e-12,9
164,9.88329e-14,3.7521096e-14,1.4109247e-12,9
165,9.88329e-14,3.7521096e-14,1.4109247e-12,9
166,9.88329e-14,3.7521096e-14,1.4109247e-12,9
167,9.88329e-14,3.7521096e-14,1.4109247e-12,9
168,9.88329e-14,3.7521096e-14,1.4109247e-12,9
169,9.88329e-14,3.7521096e-14,1.4109247e-12,9
170,9.88329e-14,3.7521096e-14,1.4109247e-12,9
171,9.88329e-14,3.7521096e-14,1.4109247e-12,9
172,9.88329e-14,3.7521096e-14,1.4109247e-12,9
173,9.88329e-14,3.7521096e-14,1.4109247e-12,9
174,9.88329e-14,3.7521096e-14,1.4109247e-12,9
175,9.88329e-14,3.7521096e-14,1.4109247e-12,9
176,9.88329e-14,3.7521096e-14,1.4109247e-12,9
177,9.88329e-14,3.7521096e-14,1.4109247e-12,9
178,9.88329e-14,3.7521096e-14,1.4109247e-12,9
179,9.88329e-14,3.7521096e-14,1.4109247e-12,9
180,9.88329e-14,3.7521096e-14,1.4109247e-12,9
181,9.88329e-14,3.7521096e-14,1.4109247e-12,9
182,9.88329e-14,3.7521096e-14,1.4109247e-12,9
183,9.88329e-14,3.7521096e-14,1.4109247e-12,9
184,9.88329e-14,3.7521096e-14,1.4109247e-12,9
185,9.88329e-14,3.7521096e-14,1.4109247e-12,9
186,9.88329e-14,3.7521096e-14,1.4109247e-12,9
187,9.88329e-14,3.7521096e-14,1.4109247e-12,9
188,9.88329e-14,3.7521096e-14,1.4109247e-12,9
189,9.88329e-14,3.7521096e-14,1.4109247e-12,9
190,9.88329e-14,3.7521096e-14,1.4109247e-12,9
191,9.88329e-14,3.7521096e-14,1.4109247e-12,9
192,9.88329e-14,3.7521096e-14,1.4109247e-12,9
193,9.88329e-14,3.7521096e-14,1.4109247e-12,9
194,9.88329e-14,3.7521096e-14,1.4109247e-12,9
195,9.88329e-14,3.7521096e-14,1.4109247e-12,9
196,9.88329e-14,3.7521096e-14,1.4109247e-12,9
197,9.88329e-14,3.7521096e-14,1.4109247e-12,9
198,9.88329e-14,3.7521096e-14,1.4109247e-12,9
199,9.88329e-14,3.7521096e-14,1.4109247e-12,9
